entry_id,unique_pos_identifier,contig_name,sample_id,Temperature,Month,Site,ANVIO_Gene_Call,Gene_ID,scv_freq
398,108,NODE_120_length_40467_cov_53.543128,June_A_thermo,82.8,June,A,541,rpoB,0.10866373
399,108,NODE_120_length_40467_cov_53.543128,June_C_thermo,73,June,C,541,rpoB,0.144285714
642,232,NODE_120_length_40467_cov_53.543128,June_C_thermo,73,June,C,541,rpoB,0.087066246
106,23,NODE_120_length_40467_cov_53.543128,Feb_B_thermo,70,February,B,541,rpoB,0.245762712
107,23,NODE_120_length_40467_cov_53.543128,June_B_thermo,83,June,B,541,rpoB,0.242774566
643,233,NODE_120_length_40467_cov_53.543128,June_C_thermo,73,June,C,541,rpoB,0.088486141
400,109,NODE_120_length_40467_cov_53.543128,June_A_thermo,82.8,June,A,541,rpoB,0.084252758
0,0,NODE_120_length_40467_cov_53.543128,Feb_A_thermo,85,February,A,541,rpoB,0.357142857
1,0,NODE_120_length_40467_cov_53.543128,Feb_B_thermo,70,February,B,541,rpoB,0.444444444
2,0,NODE_120_length_40467_cov_53.543128,June_A_thermo,82.8,June,A,541,rpoB,0.179089027
3,0,NODE_120_length_40467_cov_53.543128,June_B_thermo,83,June,B,541,rpoB,0.46875
108,24,NODE_120_length_40467_cov_53.543128,Feb_B_thermo,70,February,B,541,rpoB,0.245954693
109,24,NODE_120_length_40467_cov_53.543128,June_A_thermo,82.8,June,A,541,rpoB,0.071358749
110,24,NODE_120_length_40467_cov_53.543128,June_B_thermo,83,June,B,541,rpoB,0.334841629
401,110,NODE_120_length_40467_cov_53.543128,June_A_thermo,82.8,June,A,541,rpoB,0.119019837
402,110,NODE_120_length_40467_cov_53.543128,June_C_thermo,73,June,C,541,rpoB,0.123970723
644,234,NODE_120_length_40467_cov_53.543128,June_C_thermo,73,June,C,541,rpoB,0.072526417
111,25,NODE_120_length_40467_cov_53.543128,Feb_B_thermo,70,February,B,541,rpoB,0.252559727
112,25,NODE_120_length_40467_cov_53.543128,June_A_thermo,82.8,June,A,541,rpoB,0.602339181
113,25,NODE_120_length_40467_cov_53.543128,June_B_thermo,83,June,B,541,rpoB,0.413043478
114,25,NODE_120_length_40467_cov_53.543128,June_C_thermo,73,June,C,541,rpoB,0.93571114
645,235,NODE_120_length_40467_cov_53.543128,June_C_thermo,73,June,C,541,rpoB,0.071011236
4,1,NODE_120_length_40467_cov_53.543128,Feb_A_thermo,85,February,A,541,rpoB,0.35
5,1,NODE_120_length_40467_cov_53.543128,June_A_thermo,82.8,June,A,541,rpoB,0.541623844
6,1,NODE_120_length_40467_cov_53.543128,June_C_thermo,73,June,C,541,rpoB,0.965849387
7,2,NODE_120_length_40467_cov_53.543128,Feb_A_thermo,85,February,A,541,rpoB,0.315789474
8,2,NODE_120_length_40467_cov_53.543128,Feb_B_thermo,70,February,B,541,rpoB,0.285198556
9,2,NODE_120_length_40467_cov_53.543128,June_A_thermo,82.8,June,A,541,rpoB,0.631236443
10,2,NODE_120_length_40467_cov_53.543128,June_B_thermo,83,June,B,541,rpoB,0.357142857
11,2,NODE_120_length_40467_cov_53.543128,June_C_thermo,73,June,C,541,rpoB,0.979582779
12,3,NODE_120_length_40467_cov_53.543128,Feb_A_thermo,85,February,A,541,rpoB,0.318181818
13,3,NODE_120_length_40467_cov_53.543128,Feb_B_thermo,70,February,B,541,rpoB,0.259786477
14,3,NODE_120_length_40467_cov_53.543128,June_A_thermo,82.8,June,A,541,rpoB,0.615148414
15,3,NODE_120_length_40467_cov_53.543128,June_B_thermo,83,June,B,541,rpoB,0.337662338
16,3,NODE_120_length_40467_cov_53.543128,June_C_thermo,73,June,C,541,rpoB,0.979717813
17,4,NODE_120_length_40467_cov_53.543128,Feb_A_thermo,85,February,A,541,rpoB,0.333333333
18,4,NODE_120_length_40467_cov_53.543128,Feb_B_thermo,70,February,B,541,rpoB,0.242753623
19,4,NODE_120_length_40467_cov_53.543128,June_A_thermo,82.8,June,A,541,rpoB,0.595766129
20,4,NODE_120_length_40467_cov_53.543128,June_B_thermo,83,June,B,541,rpoB,0.271966527
21,4,NODE_120_length_40467_cov_53.543128,June_C_thermo,73,June,C,541,rpoB,0.951015004
625,216,NODE_120_length_40467_cov_53.543128,June_B_thermo,83,June,B,541,rpoB,0.105990783
403,111,NODE_120_length_40467_cov_53.543128,June_A_thermo,82.8,June,A,541,rpoB,0.093896714
404,111,NODE_120_length_40467_cov_53.543128,June_C_thermo,73,June,C,541,rpoB,0.185027648
646,236,NODE_120_length_40467_cov_53.543128,June_C_thermo,73,June,C,541,rpoB,0.085308057
647,237,NODE_120_length_40467_cov_53.543128,June_C_thermo,73,June,C,541,rpoB,0.069852941
626,217,NODE_120_length_40467_cov_53.543128,June_B_thermo,83,June,B,541,rpoB,0.098039216
115,26,NODE_120_length_40467_cov_53.543128,Feb_B_thermo,70,February,B,541,rpoB,0.071895425
116,26,NODE_120_length_40467_cov_53.543128,June_A_thermo,82.8,June,A,541,rpoB,0.072028812
117,26,NODE_120_length_40467_cov_53.543128,June_B_thermo,83,June,B,541,rpoB,0.125786164
22,5,NODE_120_length_40467_cov_53.543128,Feb_A_thermo,85,February,A,541,rpoB,0.24
23,5,NODE_120_length_40467_cov_53.543128,Feb_B_thermo,70,February,B,541,rpoB,0.088709677
24,5,NODE_120_length_40467_cov_53.543128,June_A_thermo,82.8,June,A,541,rpoB,0.292715232
25,5,NODE_120_length_40467_cov_53.543128,June_C_thermo,73,June,C,541,rpoB,0.484586263
648,238,NODE_120_length_40467_cov_53.543128,June_C_thermo,73,June,C,541,rpoB,0.059063136
649,239,NODE_120_length_40467_cov_53.543128,June_C_thermo,73,June,C,541,rpoB,0.058247675
627,218,NODE_120_length_40467_cov_53.543128,June_B_thermo,83,June,B,541,rpoB,0.077319588
405,112,NODE_120_length_40467_cov_53.543128,June_A_thermo,82.8,June,A,541,rpoB,0.271724138
406,112,NODE_120_length_40467_cov_53.543128,June_C_thermo,73,June,C,541,rpoB,0.396506088
407,113,NODE_120_length_40467_cov_53.543128,June_A_thermo,82.8,June,A,541,rpoB,0.565
408,113,NODE_120_length_40467_cov_53.543128,June_C_thermo,73,June,C,541,rpoB,0.961064564
409,114,NODE_120_length_40467_cov_53.543128,June_A_thermo,82.8,June,A,541,rpoB,0.150192555
410,114,NODE_120_length_40467_cov_53.543128,June_C_thermo,73,June,C,541,rpoB,0.307810894
650,240,NODE_120_length_40467_cov_53.543128,June_C_thermo,73,June,C,541,rpoB,0.097430407
651,241,NODE_120_length_40467_cov_53.543128,June_C_thermo,73,June,C,541,rpoB,0.07586558
411,115,NODE_120_length_40467_cov_53.543128,June_A_thermo,82.8,June,A,541,rpoB,0.307891332
412,115,NODE_120_length_40467_cov_53.543128,June_C_thermo,73,June,C,541,rpoB,0.441097364
413,116,NODE_120_length_40467_cov_53.543128,June_A_thermo,82.8,June,A,541,rpoB,0.061302682
414,116,NODE_120_length_40467_cov_53.543128,June_C_thermo,73,June,C,541,rpoB,0.120689655
26,6,NODE_120_length_40467_cov_53.543128,Feb_A_thermo,85,February,A,541,rpoB,0.333333333
27,6,NODE_120_length_40467_cov_53.543128,June_A_thermo,82.8,June,A,541,rpoB,0.093085106
28,6,NODE_120_length_40467_cov_53.543128,June_C_thermo,73,June,C,541,rpoB,0.126321353
29,7,NODE_120_length_40467_cov_53.543128,Feb_A_thermo,85,February,A,541,rpoB,0.461538462
30,7,NODE_120_length_40467_cov_53.543128,Feb_B_thermo,70,February,B,541,rpoB,0.085603113
31,7,NODE_120_length_40467_cov_53.543128,June_A_thermo,82.8,June,A,541,rpoB,0.631578947
32,7,NODE_120_length_40467_cov_53.543128,June_B_thermo,83,June,B,541,rpoB,0.147368421
33,7,NODE_120_length_40467_cov_53.543128,June_C_thermo,73,June,C,541,rpoB,0.975730833
628,219,NODE_120_length_40467_cov_53.543128,June_B_thermo,83,June,B,541,rpoB,0.093137255
118,27,NODE_120_length_40467_cov_53.543128,Feb_B_thermo,70,February,B,541,rpoB,0.079422383
119,27,NODE_120_length_40467_cov_53.543128,June_A_thermo,82.8,June,A,541,rpoB,0.561290323
120,27,NODE_120_length_40467_cov_53.543128,June_C_thermo,73,June,C,541,rpoB,0.96386192
34,8,NODE_120_length_40467_cov_53.543128,Feb_A_thermo,85,February,A,541,rpoB,0.181818182
35,8,NODE_120_length_40467_cov_53.543128,Feb_B_thermo,70,February,B,541,rpoB,0.095070423
36,8,NODE_120_length_40467_cov_53.543128,June_A_thermo,82.8,June,A,541,rpoB,0.542963885
37,8,NODE_120_length_40467_cov_53.543128,June_C_thermo,73,June,C,541,rpoB,0.959086079
38,9,NODE_120_length_40467_cov_53.543128,Feb_A_thermo,85,February,A,541,rpoB,0.8125
39,9,NODE_120_length_40467_cov_53.543128,Feb_B_thermo,70,February,B,541,rpoB,0.38047138
40,9,NODE_120_length_40467_cov_53.543128,June_A_thermo,82.8,June,A,541,rpoB,0.702997275
41,9,NODE_120_length_40467_cov_53.543128,June_B_thermo,83,June,B,541,rpoB,0.41
42,9,NODE_120_length_40467_cov_53.543128,June_C_thermo,73,June,C,541,rpoB,0.984265734
121,28,NODE_120_length_40467_cov_53.543128,Feb_B_thermo,70,February,B,541,rpoB,0.098305085
122,28,NODE_120_length_40467_cov_53.543128,June_A_thermo,82.8,June,A,541,rpoB,0.532786885
123,28,NODE_120_length_40467_cov_53.543128,June_C_thermo,73,June,C,541,rpoB,0.925883034
124,29,NODE_120_length_40467_cov_53.543128,Feb_B_thermo,70,February,B,541,rpoB,0.1
125,29,NODE_120_length_40467_cov_53.543128,June_A_thermo,82.8,June,A,541,rpoB,0.477588872
126,29,NODE_120_length_40467_cov_53.543128,June_C_thermo,73,June,C,541,rpoB,0.945441493
127,30,NODE_120_length_40467_cov_53.543128,Feb_B_thermo,70,February,B,541,rpoB,0.092664093
128,30,NODE_120_length_40467_cov_53.543128,June_A_thermo,82.8,June,A,541,rpoB,0.472222222
129,30,NODE_120_length_40467_cov_53.543128,June_C_thermo,73,June,C,541,rpoB,0.944683908
130,31,NODE_120_length_40467_cov_53.543128,Feb_B_thermo,70,February,B,541,rpoB,0.098425197
131,31,NODE_120_length_40467_cov_53.543128,June_A_thermo,82.8,June,A,541,rpoB,0.479365079
132,31,NODE_120_length_40467_cov_53.543128,June_C_thermo,73,June,C,541,rpoB,0.939483395
133,32,NODE_120_length_40467_cov_53.543128,Feb_B_thermo,70,February,B,541,rpoB,0.11023622
134,32,NODE_120_length_40467_cov_53.543128,June_A_thermo,82.8,June,A,541,rpoB,0.481540931
135,32,NODE_120_length_40467_cov_53.543128,June_C_thermo,73,June,C,541,rpoB,0.939416604
136,33,NODE_120_length_40467_cov_53.543128,Feb_B_thermo,70,February,B,541,rpoB,0.079051383
137,33,NODE_120_length_40467_cov_53.543128,June_A_thermo,82.8,June,A,541,rpoB,0.470113086
138,33,NODE_120_length_40467_cov_53.543128,June_C_thermo,73,June,C,541,rpoB,0.940239044
139,34,NODE_120_length_40467_cov_53.543128,Feb_B_thermo,70,February,B,541,rpoB,0.088461538
140,34,NODE_120_length_40467_cov_53.543128,June_A_thermo,82.8,June,A,541,rpoB,0.479004666
141,34,NODE_120_length_40467_cov_53.543128,June_C_thermo,73,June,C,541,rpoB,0.942835932
142,35,NODE_120_length_40467_cov_53.543128,Feb_B_thermo,70,February,B,541,rpoB,0.079051383
143,35,NODE_120_length_40467_cov_53.543128,June_A_thermo,82.8,June,A,541,rpoB,0.475308642
144,35,NODE_120_length_40467_cov_53.543128,June_C_thermo,73,June,C,541,rpoB,0.945288754
145,36,NODE_120_length_40467_cov_53.543128,Feb_B_thermo,70,February,B,541,rpoB,0.073076923
146,36,NODE_120_length_40467_cov_53.543128,June_A_thermo,82.8,June,A,541,rpoB,0.478723404
147,36,NODE_120_length_40467_cov_53.543128,June_C_thermo,73,June,C,541,rpoB,0.945783133
148,37,NODE_120_length_40467_cov_53.543128,Feb_B_thermo,70,February,B,541,rpoB,0.096899225
149,37,NODE_120_length_40467_cov_53.543128,June_A_thermo,82.8,June,A,541,rpoB,0.472049689
150,37,NODE_120_length_40467_cov_53.543128,June_C_thermo,73,June,C,541,rpoB,0.941971383
415,117,NODE_120_length_40467_cov_53.543128,June_A_thermo,82.8,June,A,541,rpoB,0.441964286
416,117,NODE_120_length_40467_cov_53.543128,June_C_thermo,73,June,C,541,rpoB,0.866032211
417,118,NODE_120_length_40467_cov_53.543128,June_A_thermo,82.8,June,A,541,rpoB,0.441578149
418,118,NODE_120_length_40467_cov_53.543128,June_C_thermo,73,June,C,541,rpoB,0.866111952
419,119,NODE_120_length_40467_cov_53.543128,June_A_thermo,82.8,June,A,541,rpoB,0.49352518
420,119,NODE_120_length_40467_cov_53.543128,June_C_thermo,73,June,C,541,rpoB,0.951201748
421,120,NODE_120_length_40467_cov_53.543128,June_A_thermo,82.8,June,A,541,rpoB,0.348837209
422,120,NODE_120_length_40467_cov_53.543128,June_C_thermo,73,June,C,541,rpoB,0.560147601
423,121,NODE_120_length_40467_cov_53.543128,June_A_thermo,82.8,June,A,541,rpoB,0.362339515
424,121,NODE_120_length_40467_cov_53.543128,June_C_thermo,73,June,C,541,rpoB,0.571018651
425,122,NODE_120_length_40467_cov_53.543128,June_A_thermo,82.8,June,A,541,rpoB,0.364016736
426,122,NODE_120_length_40467_cov_53.543128,June_C_thermo,73,June,C,541,rpoB,0.573230554
427,123,NODE_120_length_40467_cov_53.543128,June_A_thermo,82.8,June,A,541,rpoB,0.395437262
428,123,NODE_120_length_40467_cov_53.543128,June_C_thermo,73,June,C,541,rpoB,0.585166562
429,124,NODE_120_length_40467_cov_53.543128,June_A_thermo,82.8,June,A,541,rpoB,0.408010013
430,124,NODE_120_length_40467_cov_53.543128,June_C_thermo,73,June,C,541,rpoB,0.596307692
151,38,NODE_120_length_40467_cov_53.543128,Feb_B_thermo,70,February,B,541,rpoB,0.070539419
152,38,NODE_120_length_40467_cov_53.543128,June_A_thermo,82.8,June,A,541,rpoB,0.452173913
153,38,NODE_120_length_40467_cov_53.543128,June_C_thermo,73,June,C,541,rpoB,0.66464891
431,125,NODE_120_length_40467_cov_53.543128,June_A_thermo,82.8,June,A,541,rpoB,0.4375
432,125,NODE_120_length_40467_cov_53.543128,June_C_thermo,73,June,C,541,rpoB,0.621578947
629,220,NODE_120_length_40467_cov_53.543128,June_B_thermo,83,June,B,541,rpoB,0.093922652
630,221,NODE_120_length_40467_cov_53.543128,June_B_thermo,83,June,B,541,rpoB,0.079365079
154,39,NODE_120_length_40467_cov_53.543128,Feb_B_thermo,70,February,B,541,rpoB,0.080586081
155,39,NODE_120_length_40467_cov_53.543128,June_A_thermo,82.8,June,A,541,rpoB,0.537313433
156,39,NODE_120_length_40467_cov_53.543128,June_B_thermo,83,June,B,541,rpoB,0.055865922
157,39,NODE_120_length_40467_cov_53.543128,June_C_thermo,73,June,C,541,rpoB,0.880022014
433,126,NODE_120_length_40467_cov_53.543128,June_A_thermo,82.8,June,A,541,rpoB,0.459677419
434,126,NODE_120_length_40467_cov_53.543128,June_C_thermo,73,June,C,541,rpoB,0.659977703
435,127,NODE_120_length_40467_cov_53.543128,June_A_thermo,82.8,June,A,541,rpoB,0.432242991
436,127,NODE_120_length_40467_cov_53.543128,June_C_thermo,73,June,C,541,rpoB,0.634970946
437,128,NODE_120_length_40467_cov_53.543128,June_A_thermo,82.8,June,A,541,rpoB,0.568235294
438,128,NODE_120_length_40467_cov_53.543128,June_C_thermo,73,June,C,541,rpoB,0.922717842
439,129,NODE_120_length_40467_cov_53.543128,June_A_thermo,82.8,June,A,541,rpoB,0.562425684
440,129,NODE_120_length_40467_cov_53.543128,June_C_thermo,73,June,C,541,rpoB,0.920756646
441,130,NODE_120_length_40467_cov_53.543128,June_A_thermo,82.8,June,A,541,rpoB,0.413878563
442,130,NODE_120_length_40467_cov_53.543128,June_C_thermo,73,June,C,541,rpoB,0.637994723
443,131,NODE_120_length_40467_cov_53.543128,June_A_thermo,82.8,June,A,541,rpoB,0.562084257
444,131,NODE_120_length_40467_cov_53.543128,June_C_thermo,73,June,C,541,rpoB,0.926627794
158,40,NODE_120_length_40467_cov_53.543128,Feb_B_thermo,70,February,B,541,rpoB,0.094594595
159,40,NODE_120_length_40467_cov_53.543128,June_A_thermo,82.8,June,A,541,rpoB,0.551963048
160,40,NODE_120_length_40467_cov_53.543128,June_B_thermo,83,June,B,541,rpoB,0.08839779
161,40,NODE_120_length_40467_cov_53.543128,June_C_thermo,73,June,C,541,rpoB,0.901025641
445,132,NODE_120_length_40467_cov_53.543128,June_A_thermo,82.8,June,A,541,rpoB,0.334545455
446,132,NODE_120_length_40467_cov_53.543128,June_C_thermo,73,June,C,541,rpoB,0.411395714
162,41,NODE_120_length_40467_cov_53.543128,Feb_B_thermo,70,February,B,541,rpoB,0.09540636
163,41,NODE_120_length_40467_cov_53.543128,June_A_thermo,82.8,June,A,541,rpoB,0.368758003
164,41,NODE_120_length_40467_cov_53.543128,June_C_thermo,73,June,C,541,rpoB,0.513527851
165,42,NODE_120_length_40467_cov_53.543128,Feb_B_thermo,70,February,B,541,rpoB,0.066666667
166,42,NODE_120_length_40467_cov_53.543128,June_A_thermo,82.8,June,A,541,rpoB,0.5
167,42,NODE_120_length_40467_cov_53.543128,June_C_thermo,73,June,C,541,rpoB,0.869833436
168,43,NODE_120_length_40467_cov_53.543128,Feb_B_thermo,70,February,B,541,rpoB,0.071428571
169,43,NODE_120_length_40467_cov_53.543128,June_A_thermo,82.8,June,A,541,rpoB,0.331950207
170,43,NODE_120_length_40467_cov_53.543128,June_C_thermo,73,June,C,541,rpoB,0.490361446
43,10,NODE_120_length_40467_cov_53.543128,Feb_A_thermo,85,February,A,541,rpoB,0.6
44,10,NODE_120_length_40467_cov_53.543128,Feb_B_thermo,70,February,B,541,rpoB,0.377777778
45,10,NODE_120_length_40467_cov_53.543128,June_A_thermo,82.8,June,A,541,rpoB,0.635703919
46,10,NODE_120_length_40467_cov_53.543128,June_B_thermo,83,June,B,541,rpoB,0.407185629
47,10,NODE_120_length_40467_cov_53.543128,June_C_thermo,73,June,C,541,rpoB,0.906918239
447,133,NODE_120_length_40467_cov_53.543128,June_A_thermo,82.8,June,A,541,rpoB,0.47518797
448,133,NODE_120_length_40467_cov_53.543128,June_C_thermo,73,June,C,541,rpoB,0.73252859
171,44,NODE_120_length_40467_cov_53.543128,Feb_B_thermo,70,February,B,541,rpoB,0.080152672
172,44,NODE_120_length_40467_cov_53.543128,June_A_thermo,82.8,June,A,541,rpoB,0.305595409
173,44,NODE_120_length_40467_cov_53.543128,June_C_thermo,73,June,C,541,rpoB,0.360771704
174,45,NODE_120_length_40467_cov_53.543128,Feb_B_thermo,70,February,B,541,rpoB,0.056
175,45,NODE_120_length_40467_cov_53.543128,June_A_thermo,82.8,June,A,541,rpoB,0.471264368
176,45,NODE_120_length_40467_cov_53.543128,June_C_thermo,73,June,C,541,rpoB,0.763779528
177,46,NODE_120_length_40467_cov_53.543128,Feb_B_thermo,70,February,B,541,rpoB,0.073260073
178,46,NODE_120_length_40467_cov_53.543128,June_A_thermo,82.8,June,A,541,rpoB,0.479360852
179,46,NODE_120_length_40467_cov_53.543128,June_C_thermo,73,June,C,541,rpoB,0.762650602
631,222,NODE_120_length_40467_cov_53.543128,June_B_thermo,83,June,B,541,rpoB,0.06741573
180,47,NODE_120_length_40467_cov_53.543128,Feb_B_thermo,70,February,B,541,rpoB,0.076305221
181,47,NODE_120_length_40467_cov_53.543128,June_A_thermo,82.8,June,A,541,rpoB,0.475609756
182,47,NODE_120_length_40467_cov_53.543128,June_C_thermo,73,June,C,541,rpoB,0.773307791
183,48,NODE_120_length_40467_cov_53.543128,Feb_B_thermo,70,February,B,541,rpoB,0.063241107
184,48,NODE_120_length_40467_cov_53.543128,June_A_thermo,82.8,June,A,541,rpoB,0.461538462
185,48,NODE_120_length_40467_cov_53.543128,June_C_thermo,73,June,C,541,rpoB,0.740596628
449,134,NODE_120_length_40467_cov_53.543128,June_A_thermo,82.8,June,A,541,rpoB,0.451006711
450,134,NODE_120_length_40467_cov_53.543128,June_C_thermo,73,June,C,541,rpoB,0.791127542
186,49,NODE_120_length_40467_cov_53.543128,Feb_B_thermo,70,February,B,541,rpoB,0.08203125
187,49,NODE_120_length_40467_cov_53.543128,June_A_thermo,82.8,June,A,541,rpoB,0.458388375
188,49,NODE_120_length_40467_cov_53.543128,June_C_thermo,73,June,C,541,rpoB,0.783577339
189,50,NODE_120_length_40467_cov_53.543128,Feb_B_thermo,70,February,B,541,rpoB,0.089068826
190,50,NODE_120_length_40467_cov_53.543128,June_A_thermo,82.8,June,A,541,rpoB,0.455026455
191,50,NODE_120_length_40467_cov_53.543128,June_C_thermo,73,June,C,541,rpoB,0.787192755
192,51,NODE_120_length_40467_cov_53.543128,Feb_B_thermo,70,February,B,541,rpoB,0.0703125
193,51,NODE_120_length_40467_cov_53.543128,June_A_thermo,82.8,June,A,541,rpoB,0.446862996
194,51,NODE_120_length_40467_cov_53.543128,June_C_thermo,73,June,C,541,rpoB,0.79169212
451,135,NODE_120_length_40467_cov_53.543128,June_A_thermo,82.8,June,A,541,rpoB,0.208917197
452,135,NODE_120_length_40467_cov_53.543128,June_C_thermo,73,June,C,541,rpoB,0.390888639
453,136,NODE_120_length_40467_cov_53.543128,June_A_thermo,82.8,June,A,541,rpoB,0.239189189
454,136,NODE_120_length_40467_cov_53.543128,June_C_thermo,73,June,C,541,rpoB,0.419316843
195,52,NODE_120_length_40467_cov_53.543128,Feb_B_thermo,70,February,B,541,rpoB,0.058823529
196,52,NODE_120_length_40467_cov_53.543128,June_A_thermo,82.8,June,A,541,rpoB,0.496598639
197,52,NODE_120_length_40467_cov_53.543128,June_C_thermo,73,June,C,541,rpoB,0.857397504
455,137,NODE_120_length_40467_cov_53.543128,June_A_thermo,82.8,June,A,541,rpoB,0.10704607
456,137,NODE_120_length_40467_cov_53.543128,June_C_thermo,73,June,C,541,rpoB,0.218371837
457,138,NODE_120_length_40467_cov_53.543128,June_A_thermo,82.8,June,A,541,rpoB,0.104497354
458,138,NODE_120_length_40467_cov_53.543128,June_C_thermo,73,June,C,541,rpoB,0.221505376
459,139,NODE_120_length_40467_cov_53.543128,June_A_thermo,82.8,June,A,541,rpoB,0.108603667
460,139,NODE_120_length_40467_cov_53.543128,June_C_thermo,73,June,C,541,rpoB,0.226264923
461,140,NODE_120_length_40467_cov_53.543128,June_A_thermo,82.8,June,A,541,rpoB,0.124641834
462,140,NODE_120_length_40467_cov_53.543128,June_C_thermo,73,June,C,541,rpoB,0.213151927
463,141,NODE_120_length_40467_cov_53.543128,June_A_thermo,82.8,June,A,541,rpoB,0.278089888
464,141,NODE_120_length_40467_cov_53.543128,June_C_thermo,73,June,C,541,rpoB,0.487961477
465,142,NODE_120_length_40467_cov_53.543128,June_A_thermo,82.8,June,A,541,rpoB,0.279391425
466,142,NODE_120_length_40467_cov_53.543128,June_C_thermo,73,June,C,541,rpoB,0.483904465
652,242,NODE_120_length_40467_cov_53.543128,June_C_thermo,73,June,C,541,rpoB,0.07780083
467,143,NODE_120_length_40467_cov_53.543128,June_A_thermo,82.8,June,A,541,rpoB,0.49506347
468,143,NODE_120_length_40467_cov_53.543128,June_C_thermo,73,June,C,541,rpoB,0.857664234
469,144,NODE_120_length_40467_cov_53.543128,June_A_thermo,82.8,June,A,541,rpoB,0.485148515
470,144,NODE_120_length_40467_cov_53.543128,June_C_thermo,73,June,C,541,rpoB,0.856312731
653,243,NODE_120_length_40467_cov_53.543128,June_C_thermo,73,June,C,541,rpoB,0.058973055
471,145,NODE_120_length_40467_cov_53.543128,June_A_thermo,82.8,June,A,541,rpoB,0.50317662
472,145,NODE_120_length_40467_cov_53.543128,June_C_thermo,73,June,C,541,rpoB,0.864222002
473,146,NODE_120_length_40467_cov_53.543128,June_A_thermo,82.8,June,A,541,rpoB,0.513174404
474,146,NODE_120_length_40467_cov_53.543128,June_C_thermo,73,June,C,541,rpoB,0.855670103
48,11,NODE_120_length_40467_cov_53.543128,Feb_A_thermo,85,February,A,541,rpoB,0.176470588
49,11,NODE_120_length_40467_cov_53.543128,June_A_thermo,82.8,June,A,541,rpoB,0.458997722
50,11,NODE_120_length_40467_cov_53.543128,June_C_thermo,73,June,C,541,rpoB,0.827501232
475,147,NODE_120_length_40467_cov_53.543128,June_A_thermo,82.8,June,A,541,rpoB,0.459606987
476,147,NODE_120_length_40467_cov_53.543128,June_C_thermo,73,June,C,541,rpoB,0.817061611
477,148,NODE_120_length_40467_cov_53.543128,June_A_thermo,82.8,June,A,541,rpoB,0.474372955
478,148,NODE_120_length_40467_cov_53.543128,June_C_thermo,73,June,C,541,rpoB,0.829199813
479,149,NODE_120_length_40467_cov_53.543128,June_A_thermo,82.8,June,A,541,rpoB,0.482045702
480,149,NODE_120_length_40467_cov_53.543128,June_C_thermo,73,June,C,541,rpoB,0.828984157
481,150,NODE_120_length_40467_cov_53.543128,June_A_thermo,82.8,June,A,541,rpoB,0.46719457
482,150,NODE_120_length_40467_cov_53.543128,June_C_thermo,73,June,C,541,rpoB,0.825023969
483,151,NODE_120_length_40467_cov_53.543128,June_A_thermo,82.8,June,A,541,rpoB,0.472850679
484,151,NODE_120_length_40467_cov_53.543128,June_C_thermo,73,June,C,541,rpoB,0.850717703
485,152,NODE_120_length_40467_cov_53.543128,June_A_thermo,82.8,June,A,541,rpoB,0.489265537
486,152,NODE_120_length_40467_cov_53.543128,June_C_thermo,73,June,C,541,rpoB,0.853798376
487,153,NODE_120_length_40467_cov_53.543128,June_A_thermo,82.8,June,A,541,rpoB,0.486796785
488,153,NODE_120_length_40467_cov_53.543128,June_C_thermo,73,June,C,541,rpoB,0.855319149
489,154,NODE_120_length_40467_cov_53.543128,June_A_thermo,82.8,June,A,541,rpoB,0.494880546
490,154,NODE_120_length_40467_cov_53.543128,June_C_thermo,73,June,C,541,rpoB,0.860173578
491,155,NODE_120_length_40467_cov_53.543128,June_A_thermo,82.8,June,A,541,rpoB,0.487959442
492,155,NODE_120_length_40467_cov_53.543128,June_C_thermo,73,June,C,541,rpoB,0.857220413
493,156,NODE_120_length_40467_cov_53.543128,June_A_thermo,82.8,June,A,541,rpoB,0.495085995
494,156,NODE_120_length_40467_cov_53.543128,June_C_thermo,73,June,C,541,rpoB,0.857068607
495,157,NODE_120_length_40467_cov_53.543128,June_A_thermo,82.8,June,A,541,rpoB,0.491925466
496,157,NODE_120_length_40467_cov_53.543128,June_C_thermo,73,June,C,541,rpoB,0.844334433
497,158,NODE_120_length_40467_cov_53.543128,June_A_thermo,82.8,June,A,541,rpoB,0.481617647
498,158,NODE_120_length_40467_cov_53.543128,June_C_thermo,73,June,C,541,rpoB,0.80021254
499,159,NODE_120_length_40467_cov_53.543128,June_A_thermo,82.8,June,A,541,rpoB,0.49017199
500,159,NODE_120_length_40467_cov_53.543128,June_C_thermo,73,June,C,541,rpoB,0.800527704
501,160,NODE_120_length_40467_cov_53.543128,June_A_thermo,82.8,June,A,541,rpoB,0.482758621
502,160,NODE_120_length_40467_cov_53.543128,June_C_thermo,73,June,C,541,rpoB,0.799364743
503,161,NODE_120_length_40467_cov_53.543128,June_A_thermo,82.8,June,A,541,rpoB,0.227380952
504,161,NODE_120_length_40467_cov_53.543128,June_C_thermo,73,June,C,541,rpoB,0.401496259
505,162,NODE_120_length_40467_cov_53.543128,June_A_thermo,82.8,June,A,541,rpoB,0.508027523
506,162,NODE_120_length_40467_cov_53.543128,June_C_thermo,73,June,C,541,rpoB,0.832352941
632,223,NODE_120_length_40467_cov_53.543128,June_B_thermo,83,June,B,541,rpoB,0.115853659
198,53,NODE_120_length_40467_cov_53.543128,Feb_B_thermo,70,February,B,541,rpoB,0.073800738
199,53,NODE_120_length_40467_cov_53.543128,June_B_thermo,83,June,B,541,rpoB,0.153846154
507,163,NODE_120_length_40467_cov_53.543128,June_A_thermo,82.8,June,A,541,rpoB,0.514634146
508,163,NODE_120_length_40467_cov_53.543128,June_C_thermo,73,June,C,541,rpoB,0.837965391
509,164,NODE_120_length_40467_cov_53.543128,June_A_thermo,82.8,June,A,541,rpoB,0.508344031
510,164,NODE_120_length_40467_cov_53.543128,June_C_thermo,73,June,C,541,rpoB,0.799124247
511,165,NODE_120_length_40467_cov_53.543128,June_A_thermo,82.8,June,A,541,rpoB,0.249695493
512,165,NODE_120_length_40467_cov_53.543128,June_C_thermo,73,June,C,541,rpoB,0.309734513
513,166,NODE_538_length_17124_cov_49.405286,June_A_thermo,82.8,June,A,757,gyrB,0.172560113
514,166,NODE_538_length_17124_cov_49.405286,June_B_thermo,83,June,B,757,gyrB,0.080536913
515,166,NODE_538_length_17124_cov_49.405286,June_C_thermo,73,June,C,757,gyrB,0.204545455
516,167,NODE_538_length_17124_cov_49.405286,June_A_thermo,82.8,June,A,757,gyrB,0.229577465
517,167,NODE_538_length_17124_cov_49.405286,June_B_thermo,83,June,B,757,gyrB,0.09375
518,167,NODE_538_length_17124_cov_49.405286,June_C_thermo,73,June,C,757,gyrB,0.299202943
519,168,NODE_538_length_17124_cov_49.405286,June_A_thermo,82.8,June,A,757,gyrB,0.155263158
520,168,NODE_538_length_17124_cov_49.405286,June_B_thermo,83,June,B,757,gyrB,0.091463415
521,168,NODE_538_length_17124_cov_49.405286,June_C_thermo,73,June,C,757,gyrB,0.178057554
654,244,NODE_538_length_17124_cov_49.405286,June_C_thermo,73,June,C,757,gyrB,0.081081081
522,169,NODE_538_length_17124_cov_49.405286,June_A_thermo,82.8,June,A,757,gyrB,0.1
523,169,NODE_538_length_17124_cov_49.405286,June_C_thermo,73,June,C,757,gyrB,0.071302298
51,12,NODE_538_length_17124_cov_49.405286,Feb_A_thermo,85,February,A,757,gyrB,0.173913043
52,12,NODE_538_length_17124_cov_49.405286,Feb_B_thermo,70,February,B,757,gyrB,0.235741445
53,12,NODE_538_length_17124_cov_49.405286,June_A_thermo,82.8,June,A,757,gyrB,0.186928105
54,12,NODE_538_length_17124_cov_49.405286,June_B_thermo,83,June,B,757,gyrB,0.320652174
55,12,NODE_538_length_17124_cov_49.405286,June_C_thermo,73,June,C,757,gyrB,0.16540917
56,13,NODE_538_length_17124_cov_49.405286,Feb_A_thermo,85,February,A,757,gyrB,0.210526316
57,13,NODE_538_length_17124_cov_49.405286,Feb_B_thermo,70,February,B,757,gyrB,0.066914498
58,13,NODE_538_length_17124_cov_49.405286,June_A_thermo,82.8,June,A,757,gyrB,0.263586957
59,13,NODE_538_length_17124_cov_49.405286,June_B_thermo,83,June,B,757,gyrB,0.090452261
60,13,NODE_538_length_17124_cov_49.405286,June_C_thermo,73,June,C,757,gyrB,0.434931507
239,68,NODE_538_length_17124_cov_49.405286,Feb_B_thermo,70,February,B,757,gyrB,0.122881356
240,68,NODE_538_length_17124_cov_49.405286,June_A_thermo,82.8,June,A,757,gyrB,0.321637427
241,68,NODE_538_length_17124_cov_49.405286,June_B_thermo,83,June,B,757,gyrB,0.173469388
242,68,NODE_538_length_17124_cov_49.405286,June_C_thermo,73,June,C,757,gyrB,0.45320197
524,170,NODE_538_length_17124_cov_49.405286,June_A_thermo,82.8,June,A,757,gyrB,0.082582583
525,170,NODE_538_length_17124_cov_49.405286,June_B_thermo,83,June,B,757,gyrB,0.076530612
526,170,NODE_538_length_17124_cov_49.405286,June_C_thermo,73,June,C,757,gyrB,0.1640625
527,171,NODE_538_length_17124_cov_49.405286,June_A_thermo,82.8,June,A,757,gyrB,0.076696165
528,171,NODE_538_length_17124_cov_49.405286,June_B_thermo,83,June,B,757,gyrB,0.074626866
529,171,NODE_538_length_17124_cov_49.405286,June_C_thermo,73,June,C,757,gyrB,0.157894737
530,172,NODE_538_length_17124_cov_49.405286,June_A_thermo,82.8,June,A,757,gyrB,0.087570621
531,172,NODE_538_length_17124_cov_49.405286,June_B_thermo,83,June,B,757,gyrB,0.085714286
532,172,NODE_538_length_17124_cov_49.405286,June_C_thermo,73,June,C,757,gyrB,0.166857798
243,69,NODE_538_length_17124_cov_49.405286,Feb_B_thermo,70,February,B,757,gyrB,0.053719008
244,69,NODE_538_length_17124_cov_49.405286,June_A_thermo,82.8,June,A,757,gyrB,0.080110497
245,69,NODE_538_length_17124_cov_49.405286,June_B_thermo,83,June,B,757,gyrB,0.075757576
246,69,NODE_538_length_17124_cov_49.405286,June_C_thermo,73,June,C,757,gyrB,0.164864865
533,173,NODE_538_length_17124_cov_49.405286,June_A_thermo,82.8,June,A,757,gyrB,0.082489146
534,173,NODE_538_length_17124_cov_49.405286,June_B_thermo,83,June,B,757,gyrB,0.089005236
535,173,NODE_538_length_17124_cov_49.405286,June_C_thermo,73,June,C,757,gyrB,0.170428894
536,174,NODE_538_length_17124_cov_49.405286,June_A_thermo,82.8,June,A,757,gyrB,0.081190798
537,174,NODE_538_length_17124_cov_49.405286,June_B_thermo,83,June,B,757,gyrB,0.058252427
538,174,NODE_538_length_17124_cov_49.405286,June_C_thermo,73,June,C,757,gyrB,0.156842105
655,245,NODE_538_length_17124_cov_49.405286,June_C_thermo,73,June,C,757,gyrB,0.115918803
539,175,NODE_538_length_17124_cov_49.405286,June_A_thermo,82.8,June,A,757,gyrB,0.106412005
540,175,NODE_538_length_17124_cov_49.405286,June_B_thermo,83,June,B,757,gyrB,0.083798883
541,175,NODE_538_length_17124_cov_49.405286,June_C_thermo,73,June,C,757,gyrB,0.158681092
656,246,NODE_538_length_17124_cov_49.405286,June_C_thermo,73,June,C,757,gyrB,0.063421829
542,176,NODE_538_length_17124_cov_49.405286,June_A_thermo,82.8,June,A,757,gyrB,0.067771084
543,176,NODE_538_length_17124_cov_49.405286,June_B_thermo,83,June,B,757,gyrB,0.087591241
544,176,NODE_538_length_17124_cov_49.405286,June_C_thermo,73,June,C,757,gyrB,0.119271445
545,177,NODE_538_length_17124_cov_49.405286,June_A_thermo,82.8,June,A,757,gyrB,0.095867769
546,177,NODE_538_length_17124_cov_49.405286,June_B_thermo,83,June,B,757,gyrB,0.086956522
547,177,NODE_538_length_17124_cov_49.405286,June_C_thermo,73,June,C,757,gyrB,0.174491941
548,178,NODE_538_length_17124_cov_49.405286,June_A_thermo,82.8,June,A,757,gyrB,0.077901431
549,178,NODE_538_length_17124_cov_49.405286,June_C_thermo,73,June,C,757,gyrB,0.06229069
657,247,NODE_538_length_17124_cov_49.405286,June_C_thermo,73,June,C,757,gyrB,0.086836664
658,248,NODE_538_length_17124_cov_49.405286,June_C_thermo,73,June,C,757,gyrB,0.077181208
550,179,NODE_538_length_17124_cov_49.405286,June_A_thermo,82.8,June,A,757,gyrB,0.08974359
551,179,NODE_538_length_17124_cov_49.405286,June_C_thermo,73,June,C,757,gyrB,0.082556591
247,70,NODE_538_length_17124_cov_49.405286,Feb_B_thermo,70,February,B,757,gyrB,0.07
248,70,NODE_538_length_17124_cov_49.405286,June_A_thermo,82.8,June,A,757,gyrB,0.113924051
249,70,NODE_538_length_17124_cov_49.405286,June_B_thermo,83,June,B,757,gyrB,0.066666667
250,70,NODE_538_length_17124_cov_49.405286,June_C_thermo,73,June,C,757,gyrB,0.107652399
552,180,NODE_538_length_17124_cov_49.405286,June_A_thermo,82.8,June,A,757,gyrB,0.095238095
553,180,NODE_538_length_17124_cov_49.405286,June_C_thermo,73,June,C,757,gyrB,0.092810458
251,71,NODE_538_length_17124_cov_49.405286,Feb_B_thermo,70,February,B,757,gyrB,0.091397849
252,71,NODE_538_length_17124_cov_49.405286,June_A_thermo,82.8,June,A,757,gyrB,0.140032949
253,71,NODE_538_length_17124_cov_49.405286,June_B_thermo,83,June,B,757,gyrB,0.067961165
254,71,NODE_538_length_17124_cov_49.405286,June_C_thermo,73,June,C,757,gyrB,0.115882754
255,72,NODE_538_length_17124_cov_49.405286,Feb_B_thermo,70,February,B,757,gyrB,0.105820106
256,72,NODE_538_length_17124_cov_49.405286,June_A_thermo,82.8,June,A,757,gyrB,0.195758564
257,72,NODE_538_length_17124_cov_49.405286,June_C_thermo,73,June,C,757,gyrB,0.246308725
554,181,NODE_538_length_17124_cov_49.405286,June_A_thermo,82.8,June,A,757,gyrB,0.101141925
555,181,NODE_538_length_17124_cov_49.405286,June_B_thermo,83,June,B,757,gyrB,0.064814815
258,73,NODE_538_length_17124_cov_49.405286,Feb_B_thermo,70,February,B,757,gyrB,0.1
259,73,NODE_538_length_17124_cov_49.405286,June_A_thermo,82.8,June,A,757,gyrB,0.156398104
260,73,NODE_538_length_17124_cov_49.405286,June_B_thermo,83,June,B,757,gyrB,0.165217391
261,73,NODE_538_length_17124_cov_49.405286,June_C_thermo,73,June,C,757,gyrB,0.120179949
262,74,NODE_538_length_17124_cov_49.405286,Feb_B_thermo,70,February,B,757,gyrB,0.057591623
263,74,NODE_538_length_17124_cov_49.405286,June_A_thermo,82.8,June,A,757,gyrB,0.147619048
264,74,NODE_538_length_17124_cov_49.405286,June_B_thermo,83,June,B,757,gyrB,0.12173913
265,74,NODE_538_length_17124_cov_49.405286,June_C_thermo,73,June,C,757,gyrB,0.139819588
266,75,NODE_538_length_17124_cov_49.405286,Feb_B_thermo,70,February,B,757,gyrB,0.085561497
267,75,NODE_538_length_17124_cov_49.405286,June_A_thermo,82.8,June,A,757,gyrB,0.1136
268,75,NODE_538_length_17124_cov_49.405286,June_B_thermo,83,June,B,757,gyrB,0.105263158
269,75,NODE_538_length_17124_cov_49.405286,June_C_thermo,73,June,C,757,gyrB,0.144343303
556,182,NODE_538_length_17124_cov_49.405286,June_A_thermo,82.8,June,A,757,gyrB,0.123417722
557,182,NODE_538_length_17124_cov_49.405286,June_B_thermo,83,June,B,757,gyrB,0.139130435
558,182,NODE_538_length_17124_cov_49.405286,June_C_thermo,73,June,C,757,gyrB,0.092189501
270,76,NODE_538_length_17124_cov_49.405286,Feb_B_thermo,70,February,B,757,gyrB,0.091370558
271,76,NODE_538_length_17124_cov_49.405286,June_A_thermo,82.8,June,A,757,gyrB,0.148377125
272,76,NODE_538_length_17124_cov_49.405286,June_B_thermo,83,June,B,757,gyrB,0.139130435
273,76,NODE_538_length_17124_cov_49.405286,June_C_thermo,73,June,C,757,gyrB,0.122552116
274,77,NODE_538_length_17124_cov_49.405286,Feb_B_thermo,70,February,B,757,gyrB,0.132596685
275,77,NODE_538_length_17124_cov_49.405286,June_A_thermo,82.8,June,A,757,gyrB,0.170648464
276,77,NODE_538_length_17124_cov_49.405286,June_B_thermo,83,June,B,757,gyrB,0.121495327
277,77,NODE_538_length_17124_cov_49.405286,June_C_thermo,73,June,C,757,gyrB,0.141372141
278,78,NODE_538_length_17124_cov_49.405286,Feb_B_thermo,70,February,B,757,gyrB,0.154696133
279,78,NODE_538_length_17124_cov_49.405286,June_A_thermo,82.8,June,A,757,gyrB,0.2
280,78,NODE_538_length_17124_cov_49.405286,June_B_thermo,83,June,B,757,gyrB,0.18018018
281,78,NODE_538_length_17124_cov_49.405286,June_C_thermo,73,June,C,757,gyrB,0.179042332
282,79,NODE_538_length_17124_cov_49.405286,Feb_B_thermo,70,February,B,757,gyrB,0.107344633
283,79,NODE_538_length_17124_cov_49.405286,June_A_thermo,82.8,June,A,757,gyrB,0.160409556
284,79,NODE_538_length_17124_cov_49.405286,June_B_thermo,83,June,B,757,gyrB,0.150442478
285,79,NODE_538_length_17124_cov_49.405286,June_C_thermo,73,June,C,757,gyrB,0.15648593
286,80,NODE_538_length_17124_cov_49.405286,Feb_B_thermo,70,February,B,757,gyrB,0.134969325
287,80,NODE_538_length_17124_cov_49.405286,June_A_thermo,82.8,June,A,757,gyrB,0.181019332
288,80,NODE_538_length_17124_cov_49.405286,June_B_thermo,83,June,B,757,gyrB,0.19266055
289,80,NODE_538_length_17124_cov_49.405286,June_C_thermo,73,June,C,757,gyrB,0.151943463
290,81,NODE_538_length_17124_cov_49.405286,Feb_B_thermo,70,February,B,757,gyrB,0.147239264
291,81,NODE_538_length_17124_cov_49.405286,June_A_thermo,82.8,June,A,757,gyrB,0.196750903
292,81,NODE_538_length_17124_cov_49.405286,June_B_thermo,83,June,B,757,gyrB,0.1875
293,81,NODE_538_length_17124_cov_49.405286,June_C_thermo,73,June,C,757,gyrB,0.163338088
294,82,NODE_538_length_17124_cov_49.405286,Feb_B_thermo,70,February,B,757,gyrB,0.188311688
295,82,NODE_538_length_17124_cov_49.405286,June_A_thermo,82.8,June,A,757,gyrB,0.257769653
296,82,NODE_538_length_17124_cov_49.405286,June_B_thermo,83,June,B,757,gyrB,0.293577982
297,82,NODE_538_length_17124_cov_49.405286,June_C_thermo,73,June,C,757,gyrB,0.220817844
298,83,NODE_538_length_17124_cov_49.405286,Feb_B_thermo,70,February,B,757,gyrB,0.152866242
299,83,NODE_538_length_17124_cov_49.405286,June_A_thermo,82.8,June,A,757,gyrB,0.192949907
300,83,NODE_538_length_17124_cov_49.405286,June_B_thermo,83,June,B,757,gyrB,0.203703704
301,83,NODE_538_length_17124_cov_49.405286,June_C_thermo,73,June,C,757,gyrB,0.157153447
302,84,NODE_538_length_17124_cov_49.405286,Feb_B_thermo,70,February,B,757,gyrB,0.190789474
303,84,NODE_538_length_17124_cov_49.405286,June_A_thermo,82.8,June,A,757,gyrB,0.227272727
304,84,NODE_538_length_17124_cov_49.405286,June_B_thermo,83,June,B,757,gyrB,0.233009709
305,84,NODE_538_length_17124_cov_49.405286,June_C_thermo,73,June,C,757,gyrB,0.200152788
306,85,NODE_538_length_17124_cov_49.405286,Feb_B_thermo,70,February,B,757,gyrB,0.217948718
307,85,NODE_538_length_17124_cov_49.405286,June_A_thermo,82.8,June,A,757,gyrB,0.198830409
308,85,NODE_538_length_17124_cov_49.405286,June_B_thermo,83,June,B,757,gyrB,0.273584906
309,85,NODE_538_length_17124_cov_49.405286,June_C_thermo,73,June,C,757,gyrB,0.178652536
310,86,NODE_538_length_17124_cov_49.405286,Feb_B_thermo,70,February,B,757,gyrB,0.264516129
311,86,NODE_538_length_17124_cov_49.405286,June_A_thermo,82.8,June,A,757,gyrB,0.277559055
312,86,NODE_538_length_17124_cov_49.405286,June_B_thermo,83,June,B,757,gyrB,0.304761905
313,86,NODE_538_length_17124_cov_49.405286,June_C_thermo,73,June,C,757,gyrB,0.298084291
314,87,NODE_538_length_17124_cov_49.405286,Feb_B_thermo,70,February,B,757,gyrB,0.222222222
315,87,NODE_538_length_17124_cov_49.405286,June_A_thermo,82.8,June,A,757,gyrB,0.224761905
316,87,NODE_538_length_17124_cov_49.405286,June_B_thermo,83,June,B,757,gyrB,0.318181818
317,87,NODE_538_length_17124_cov_49.405286,June_C_thermo,73,June,C,757,gyrB,0.220566319
318,88,NODE_538_length_17124_cov_49.405286,Feb_B_thermo,70,February,B,757,gyrB,0.298701299
319,88,NODE_538_length_17124_cov_49.405286,June_A_thermo,82.8,June,A,757,gyrB,0.445488722
320,88,NODE_538_length_17124_cov_49.405286,June_B_thermo,83,June,B,757,gyrB,0.418181818
321,88,NODE_538_length_17124_cov_49.405286,June_C_thermo,73,June,C,757,gyrB,0.456909361
322,89,NODE_538_length_17124_cov_49.405286,Feb_B_thermo,70,February,B,757,gyrB,0.070063694
323,89,NODE_538_length_17124_cov_49.405286,June_A_thermo,82.8,June,A,757,gyrB,0.087751371
324,89,NODE_538_length_17124_cov_49.405286,June_B_thermo,83,June,B,757,gyrB,0.105263158
325,89,NODE_538_length_17124_cov_49.405286,June_C_thermo,73,June,C,757,gyrB,0.207614943
326,90,NODE_538_length_17124_cov_49.405286,Feb_B_thermo,70,February,B,757,gyrB,0.08125
327,90,NODE_538_length_17124_cov_49.405286,June_A_thermo,82.8,June,A,757,gyrB,0.093639576
328,90,NODE_538_length_17124_cov_49.405286,June_B_thermo,83,June,B,757,gyrB,0.093023256
329,90,NODE_538_length_17124_cov_49.405286,June_C_thermo,73,June,C,757,gyrB,0.172581768
559,183,NODE_538_length_17124_cov_49.405286,June_A_thermo,82.8,June,A,757,gyrB,0.066071429
330,91,NODE_538_length_17124_cov_49.405286,Feb_B_thermo,70,February,B,757,gyrB,0.07486631
331,91,NODE_538_length_17124_cov_49.405286,June_A_thermo,82.8,June,A,757,gyrB,0.078525641
332,91,NODE_538_length_17124_cov_49.405286,June_B_thermo,83,June,B,757,gyrB,0.070422535
333,91,NODE_538_length_17124_cov_49.405286,June_C_thermo,73,June,C,757,gyrB,0.165486156
61,14,NODE_538_length_17124_cov_49.405286,Feb_A_thermo,85,February,A,757,gyrB,0.333333333
62,14,NODE_538_length_17124_cov_49.405286,Feb_B_thermo,70,February,B,757,gyrB,0.14479638
63,14,NODE_538_length_17124_cov_49.405286,June_A_thermo,82.8,June,A,757,gyrB,0.067528736
64,14,NODE_538_length_17124_cov_49.405286,June_B_thermo,83,June,B,757,gyrB,0.271186441
65,14,NODE_538_length_17124_cov_49.405286,June_C_thermo,73,June,C,757,gyrB,0.063001145
560,184,NODE_538_length_17124_cov_49.405286,June_A_thermo,82.8,June,A,757,gyrB,0.124657534
561,184,NODE_538_length_17124_cov_49.405286,June_C_thermo,73,June,C,757,gyrB,0.278170931
334,92,NODE_538_length_17124_cov_49.405286,Feb_B_thermo,70,February,B,757,gyrB,0.179039301
335,92,NODE_538_length_17124_cov_49.405286,June_A_thermo,82.8,June,A,757,gyrB,0.144044321
336,92,NODE_538_length_17124_cov_49.405286,June_B_thermo,83,June,B,757,gyrB,0.291891892
337,92,NODE_538_length_17124_cov_49.405286,June_C_thermo,73,June,C,757,gyrB,0.14953271
562,185,NODE_538_length_17124_cov_49.405286,June_A_thermo,82.8,June,A,757,gyrB,0.100133511
563,185,NODE_538_length_17124_cov_49.405286,June_B_thermo,83,June,B,757,gyrB,0.133333333
564,185,NODE_538_length_17124_cov_49.405286,June_C_thermo,73,June,C,757,gyrB,0.08444217
639,229,NODE_538_length_17124_cov_49.405286,June_B_thermo,83,June,B,757,gyrB,0.074257426
338,93,NODE_538_length_17124_cov_49.405286,Feb_B_thermo,70,February,B,757,gyrB,0.486055777
339,93,NODE_538_length_17124_cov_49.405286,June_A_thermo,82.8,June,A,757,gyrB,0.751004016
340,93,NODE_538_length_17124_cov_49.405286,June_B_thermo,83,June,B,757,gyrB,0.457711443
341,93,NODE_538_length_17124_cov_49.405286,June_C_thermo,73,June,C,757,gyrB,0.957490928
66,15,NODE_538_length_17124_cov_49.405286,Feb_A_thermo,85,February,A,757,gyrB,0.454545455
67,15,NODE_538_length_17124_cov_49.405286,Feb_B_thermo,70,February,B,757,gyrB,0.46743295
68,15,NODE_538_length_17124_cov_49.405286,June_A_thermo,82.8,June,A,757,gyrB,0.75502008
69,15,NODE_538_length_17124_cov_49.405286,June_B_thermo,83,June,B,757,gyrB,0.456410256
70,15,NODE_538_length_17124_cov_49.405286,June_C_thermo,73,June,C,757,gyrB,0.958958959
71,16,NODE_538_length_17124_cov_49.405286,Feb_A_thermo,85,February,A,757,gyrB,0.307692308
72,16,NODE_538_length_17124_cov_49.405286,Feb_B_thermo,70,February,B,757,gyrB,0.459649123
73,16,NODE_538_length_17124_cov_49.405286,June_A_thermo,82.8,June,A,757,gyrB,0.721179625
74,16,NODE_538_length_17124_cov_49.405286,June_B_thermo,83,June,B,757,gyrB,0.45505618
75,16,NODE_538_length_17124_cov_49.405286,June_C_thermo,73,June,C,757,gyrB,0.951465642
76,17,NODE_538_length_17124_cov_49.405286,Feb_A_thermo,85,February,A,757,gyrB,0.428571429
77,17,NODE_538_length_17124_cov_49.405286,Feb_B_thermo,70,February,B,757,gyrB,0.463235294
78,17,NODE_538_length_17124_cov_49.405286,June_A_thermo,82.8,June,A,757,gyrB,0.732336957
79,17,NODE_538_length_17124_cov_49.405286,June_B_thermo,83,June,B,757,gyrB,0.458823529
80,17,NODE_538_length_17124_cov_49.405286,June_C_thermo,73,June,C,757,gyrB,0.966076696
81,18,NODE_538_length_17124_cov_49.405286,Feb_A_thermo,85,February,A,757,gyrB,0.277777778
82,18,NODE_538_length_17124_cov_49.405286,Feb_B_thermo,70,February,B,757,gyrB,0.313793103
83,18,NODE_538_length_17124_cov_49.405286,June_A_thermo,82.8,June,A,757,gyrB,0.127968338
84,18,NODE_538_length_17124_cov_49.405286,June_B_thermo,83,June,B,757,gyrB,0.364197531
85,18,NODE_538_length_17124_cov_49.405286,June_C_thermo,73,June,C,757,gyrB,0.098777046
86,19,NODE_538_length_17124_cov_49.405286,Feb_A_thermo,85,February,A,757,gyrB,0.409090909
87,19,NODE_538_length_17124_cov_49.405286,Feb_B_thermo,70,February,B,757,gyrB,0.434944238
88,19,NODE_538_length_17124_cov_49.405286,June_A_thermo,82.8,June,A,757,gyrB,0.688860435
89,19,NODE_538_length_17124_cov_49.405286,June_B_thermo,83,June,B,757,gyrB,0.535031847
90,19,NODE_538_length_17124_cov_49.405286,June_C_thermo,73,June,C,757,gyrB,0.928092042
91,20,NODE_538_length_17124_cov_49.405286,Feb_A_thermo,85,February,A,757,gyrB,0.409090909
92,20,NODE_538_length_17124_cov_49.405286,Feb_B_thermo,70,February,B,757,gyrB,0.428571429
93,20,NODE_538_length_17124_cov_49.405286,June_A_thermo,82.8,June,A,757,gyrB,0.696498054
94,20,NODE_538_length_17124_cov_49.405286,June_B_thermo,83,June,B,757,gyrB,0.552795031
95,20,NODE_538_length_17124_cov_49.405286,June_C_thermo,73,June,C,757,gyrB,0.938886151
96,21,NODE_538_length_17124_cov_49.405286,Feb_A_thermo,85,February,A,757,gyrB,0.409090909
97,21,NODE_538_length_17124_cov_49.405286,Feb_B_thermo,70,February,B,757,gyrB,0.40530303
98,21,NODE_538_length_17124_cov_49.405286,June_A_thermo,82.8,June,A,757,gyrB,0.688860435
99,21,NODE_538_length_17124_cov_49.405286,June_B_thermo,83,June,B,757,gyrB,0.533742331
100,21,NODE_538_length_17124_cov_49.405286,June_C_thermo,73,June,C,757,gyrB,0.939990162
101,22,NODE_538_length_17124_cov_49.405286,Feb_A_thermo,85,February,A,757,gyrB,0.263157895
102,22,NODE_538_length_17124_cov_49.405286,Feb_B_thermo,70,February,B,757,gyrB,0.465277778
103,22,NODE_538_length_17124_cov_49.405286,June_A_thermo,82.8,June,A,757,gyrB,0.698823529
104,22,NODE_538_length_17124_cov_49.405286,June_B_thermo,83,June,B,757,gyrB,0.598958333
105,22,NODE_538_length_17124_cov_49.405286,June_C_thermo,73,June,C,757,gyrB,0.91142726
342,94,NODE_538_length_17124_cov_49.405286,Feb_B_thermo,70,February,B,757,gyrB,0.441860465
343,94,NODE_538_length_17124_cov_49.405286,June_A_thermo,82.8,June,A,757,gyrB,0.711656442
344,94,NODE_538_length_17124_cov_49.405286,June_B_thermo,83,June,B,757,gyrB,0.540983607
345,94,NODE_538_length_17124_cov_49.405286,June_C_thermo,73,June,C,757,gyrB,0.889218595
346,95,NODE_538_length_17124_cov_49.405286,Feb_B_thermo,70,February,B,757,gyrB,0.45323741
347,95,NODE_538_length_17124_cov_49.405286,June_A_thermo,82.8,June,A,757,gyrB,0.715285881
348,95,NODE_538_length_17124_cov_49.405286,June_B_thermo,83,June,B,757,gyrB,0.551724138
349,95,NODE_538_length_17124_cov_49.405286,June_C_thermo,73,June,C,757,gyrB,0.88615966
350,96,NODE_538_length_17124_cov_49.405286,Feb_B_thermo,70,February,B,757,gyrB,0.464539007
351,96,NODE_538_length_17124_cov_49.405286,June_A_thermo,82.8,June,A,757,gyrB,0.724705882
352,96,NODE_538_length_17124_cov_49.405286,June_B_thermo,83,June,B,757,gyrB,0.54040404
353,96,NODE_538_length_17124_cov_49.405286,June_C_thermo,73,June,C,757,gyrB,0.888312912
565,186,NODE_538_length_17124_cov_49.405286,June_A_thermo,82.8,June,A,757,gyrB,0.312217195
566,186,NODE_538_length_17124_cov_49.405286,June_C_thermo,73,June,C,757,gyrB,0.410039982
354,97,NODE_538_length_17124_cov_49.405286,Feb_B_thermo,70,February,B,757,gyrB,0.213114754
355,97,NODE_538_length_17124_cov_49.405286,June_A_thermo,82.8,June,A,757,gyrB,0.648801128
356,97,NODE_538_length_17124_cov_49.405286,June_B_thermo,83,June,B,757,gyrB,0.167567568
357,97,NODE_538_length_17124_cov_49.405286,June_C_thermo,73,June,C,757,gyrB,0.884732053
358,98,NODE_538_length_17124_cov_49.405286,Feb_B_thermo,70,February,B,757,gyrB,0.110294118
359,98,NODE_538_length_17124_cov_49.405286,June_A_thermo,82.8,June,A,757,gyrB,0.563564875
360,98,NODE_538_length_17124_cov_49.405286,June_B_thermo,83,June,B,757,gyrB,0.119047619
361,98,NODE_538_length_17124_cov_49.405286,June_C_thermo,73,June,C,757,gyrB,0.881509795
640,230,NODE_538_length_17124_cov_49.405286,June_B_thermo,83,June,B,757,gyrB,0.066037736
362,99,NODE_538_length_17124_cov_49.405286,Feb_B_thermo,70,February,B,757,gyrB,0.18487395
363,99,NODE_538_length_17124_cov_49.405286,June_A_thermo,82.8,June,A,757,gyrB,0.65051395
364,99,NODE_538_length_17124_cov_49.405286,June_B_thermo,83,June,B,757,gyrB,0.205405405
365,99,NODE_538_length_17124_cov_49.405286,June_C_thermo,73,June,C,757,gyrB,0.895553257
366,100,NODE_538_length_17124_cov_49.405286,Feb_B_thermo,70,February,B,757,gyrB,0.163265306
367,100,NODE_538_length_17124_cov_49.405286,June_A_thermo,82.8,June,A,757,gyrB,0.648571429
368,100,NODE_538_length_17124_cov_49.405286,June_B_thermo,83,June,B,757,gyrB,0.226804124
369,100,NODE_538_length_17124_cov_49.405286,June_C_thermo,73,June,C,757,gyrB,0.891054473
370,101,NODE_538_length_17124_cov_49.405286,Feb_B_thermo,70,February,B,757,gyrB,0.109243697
371,101,NODE_538_length_17124_cov_49.405286,June_A_thermo,82.8,June,A,757,gyrB,0.628571429
372,101,NODE_538_length_17124_cov_49.405286,June_B_thermo,83,June,B,757,gyrB,0.169312169
373,101,NODE_538_length_17124_cov_49.405286,June_C_thermo,73,June,C,757,gyrB,0.899033298
374,102,NODE_538_length_17124_cov_49.405286,Feb_B_thermo,70,February,B,757,gyrB,0.113636364
375,102,NODE_538_length_17124_cov_49.405286,June_A_thermo,82.8,June,A,757,gyrB,0.494202899
376,102,NODE_538_length_17124_cov_49.405286,June_B_thermo,83,June,B,757,gyrB,0.19138756
377,102,NODE_538_length_17124_cov_49.405286,June_C_thermo,73,June,C,757,gyrB,0.648008069
659,249,NODE_538_length_17124_cov_49.405286,June_C_thermo,73,June,C,757,gyrB,0.113800206
567,187,NODE_538_length_17124_cov_49.405286,June_A_thermo,82.8,June,A,757,gyrB,0.496382055
568,187,NODE_538_length_17124_cov_49.405286,June_C_thermo,73,June,C,757,gyrB,0.897205589
569,188,NODE_538_length_17124_cov_49.405286,June_A_thermo,82.8,June,A,757,gyrB,0.196476965
570,188,NODE_538_length_17124_cov_49.405286,June_C_thermo,73,June,C,757,gyrB,0.273469388
571,189,NODE_538_length_17124_cov_49.405286,June_A_thermo,82.8,June,A,757,gyrB,0.289139633
572,189,NODE_538_length_17124_cov_49.405286,June_C_thermo,73,June,C,757,gyrB,0.617252066
573,190,NODE_538_length_17124_cov_49.405286,June_A_thermo,82.8,June,A,757,gyrB,0.208998549
574,190,NODE_538_length_17124_cov_49.405286,June_C_thermo,73,June,C,757,gyrB,0.278651685
575,191,NODE_538_length_17124_cov_49.405286,June_A_thermo,82.8,June,A,757,gyrB,0.220815752
576,191,NODE_538_length_17124_cov_49.405286,June_C_thermo,73,June,C,757,gyrB,0.2789676
577,192,NODE_538_length_17124_cov_49.405286,June_A_thermo,82.8,June,A,757,gyrB,0.206231454
578,192,NODE_538_length_17124_cov_49.405286,June_C_thermo,73,June,C,757,gyrB,0.269721578
378,103,NODE_538_length_17124_cov_49.405286,Feb_B_thermo,70,February,B,757,gyrB,0.107023411
379,103,NODE_538_length_17124_cov_49.405286,June_A_thermo,82.8,June,A,757,gyrB,0.213166144
380,103,NODE_538_length_17124_cov_49.405286,June_B_thermo,83,June,B,757,gyrB,0.201388889
381,103,NODE_538_length_17124_cov_49.405286,June_C_thermo,73,June,C,757,gyrB,0.29495549
382,104,NODE_538_length_17124_cov_49.405286,Feb_B_thermo,70,February,B,757,gyrB,0.27739726
383,104,NODE_538_length_17124_cov_49.405286,June_A_thermo,82.8,June,A,757,gyrB,0.296774194
384,104,NODE_538_length_17124_cov_49.405286,June_B_thermo,83,June,B,757,gyrB,0.328467153
385,104,NODE_538_length_17124_cov_49.405286,June_C_thermo,73,June,C,757,gyrB,0.326263256
660,250,NODE_538_length_17124_cov_49.405286,June_C_thermo,73,June,C,757,gyrB,0.09273183
579,193,NODE_538_length_17124_cov_49.405286,June_A_thermo,82.8,June,A,757,gyrB,0.10962963
580,193,NODE_538_length_17124_cov_49.405286,June_C_thermo,73,June,C,757,gyrB,0.234754098
641,231,NODE_538_length_17124_cov_49.405286,June_B_thermo,83,June,B,757,gyrB,0.112582781
581,194,NODE_538_length_17124_cov_49.405286,June_A_thermo,82.8,June,A,757,gyrB,0.434991974
582,194,NODE_538_length_17124_cov_49.405286,June_C_thermo,73,June,C,757,gyrB,0.849609375
661,251,NODE_538_length_17124_cov_49.405286,June_C_thermo,73,June,C,757,gyrB,0.102649007
662,252,NODE_538_length_17124_cov_49.405286,June_C_thermo,73,June,C,757,gyrB,0.213308458
583,195,NODE_538_length_17124_cov_49.405286,June_A_thermo,82.8,June,A,757,gyrB,0.135658915
584,195,NODE_538_length_17124_cov_49.405286,June_C_thermo,73,June,C,757,gyrB,0.218858561
386,105,NODE_538_length_17124_cov_49.405286,Feb_B_thermo,70,February,B,757,gyrB,0.232394366
387,105,NODE_538_length_17124_cov_49.405286,June_A_thermo,82.8,June,A,757,gyrB,0.207598372
388,105,NODE_538_length_17124_cov_49.405286,June_B_thermo,83,June,B,757,gyrB,0.310526316
389,105,NODE_538_length_17124_cov_49.405286,June_C_thermo,73,June,C,757,gyrB,0.078772379
585,196,NODE_538_length_17124_cov_49.405286,June_A_thermo,82.8,June,A,757,gyrB,0.470338983
586,196,NODE_538_length_17124_cov_49.405286,June_C_thermo,73,June,C,757,gyrB,0.835423197
587,197,NODE_538_length_17124_cov_49.405286,June_A_thermo,82.8,June,A,757,gyrB,0.244047619
588,197,NODE_538_length_17124_cov_49.405286,June_C_thermo,73,June,C,757,gyrB,0.581112399
663,253,NODE_538_length_17124_cov_49.405286,June_C_thermo,73,June,C,757,gyrB,0.08968347
589,198,NODE_538_length_17124_cov_49.405286,June_A_thermo,82.8,June,A,757,gyrB,0.393632417
590,198,NODE_538_length_17124_cov_49.405286,June_C_thermo,73,June,C,757,gyrB,0.756690998
390,106,NODE_538_length_17124_cov_49.405286,Feb_B_thermo,70,February,B,757,gyrB,0.188940092
391,106,NODE_538_length_17124_cov_49.405286,June_A_thermo,82.8,June,A,757,gyrB,0.522510232
392,106,NODE_538_length_17124_cov_49.405286,June_B_thermo,83,June,B,757,gyrB,0.193548387
393,106,NODE_538_length_17124_cov_49.405286,June_C_thermo,73,June,C,757,gyrB,0.856624319
394,107,NODE_538_length_17124_cov_49.405286,Feb_B_thermo,70,February,B,757,gyrB,0.161137441
395,107,NODE_538_length_17124_cov_49.405286,June_A_thermo,82.8,June,A,757,gyrB,0.517780939
396,107,NODE_538_length_17124_cov_49.405286,June_B_thermo,83,June,B,757,gyrB,0.165605096
397,107,NODE_538_length_17124_cov_49.405286,June_C_thermo,73,June,C,757,gyrB,0.837162162
200,54,NODE_523_length_17330_cov_53.094829,Feb_B_thermo,70,February,B,2780,recA,0.212244898
201,54,NODE_523_length_17330_cov_53.094829,June_A_thermo,82.8,June,A,2780,recA,0.448476052
202,54,NODE_523_length_17330_cov_53.094829,June_B_thermo,83,June,B,2780,recA,0.222972973
203,54,NODE_523_length_17330_cov_53.094829,June_C_thermo,73,June,C,2780,recA,0.823151125
204,55,NODE_523_length_17330_cov_53.094829,Feb_B_thermo,70,February,B,2780,recA,0.207792208
205,55,NODE_523_length_17330_cov_53.094829,June_A_thermo,82.8,June,A,2780,recA,0.486943164
206,55,NODE_523_length_17330_cov_53.094829,June_B_thermo,83,June,B,2780,recA,0.2578125
1014,315,NODE_523_length_17330_cov_53.09,Feb_A_thermo,70,February,A,2780,recA,0.198
1015,316,NODE_523_length_17330_cov_53.09,Feb_A_thermo,70,February,A,2780,recA,0.221
1016,317,NODE_523_length_17330_cov_53.09,Feb_A_thermo,70,February,A,2780,recA,0.209
1017,318,NODE_523_length_17330_cov_53.09,Feb_A_thermo,70,February,A,2780,recA,0.231
1018,319,NODE_523_length_17330_cov_53.09,Feb_A_thermo,70,February,A,2780,recA,0.174
1019,320,NODE_523_length_17330_cov_53.09,Feb_A_thermo,70,February,A,2780,recA,0.196
1020,321,NODE_523_length_17330_cov_53.09,Feb_A_thermo,70,February,A,2780,recA,0.189
207,55,NODE_523_length_17330_cov_53.094829,June_C_thermo,73,June,C,2780,recA,0.837969402
633,224,NODE_523_length_17330_cov_53.094829,June_B_thermo,83,June,B,2780,recA,0.103174603
208,56,NODE_523_length_17330_cov_53.094829,Feb_B_thermo,70,February,B,2780,recA,0.104072398
209,56,NODE_523_length_17330_cov_53.094829,June_B_thermo,83,June,B,2780,recA,0.19986422
210,57,NODE_523_length_17330_cov_53.094829,Feb_B_thermo,70,February,B,2780,recA,0.081339713
634,225,NODE_523_length_17330_cov_53.094829,June_B_thermo,83,June,B,2780,recA,0.130841121
635,225,NODE_523_length_17330_cov_53.094829,June_C_thermo,73,June,C,2780,recA,0.091359773
211,58,NODE_523_length_17330_cov_53.094829,Feb_B_thermo,70,February,B,2780,recA,0.057142857
1021,322,NODE_523_length_17330_cov_53.09,Feb_A_thermo,70,February,A,2780,recA,0.243521811
1022,323,NODE_523_length_17330_cov_53.09,Feb_A_thermo,70,February,A,2780,recA,0.201348902
1023,324,NODE_523_length_17330_cov_53.09,Feb_A_thermo,70,February,A,2780,recA,0.216987233
1024,325,NODE_523_length_17330_cov_53.09,Feb_A_thermo,70,February,A,2780,recA,0.328776452
1025,326,NODE_523_length_17330_cov_53.09,Feb_A_thermo,70,February,A,2780,recA,0.3177892
1026,327,NODE_523_length_17330_cov_53.09,Feb_A_thermo,70,February,A,2780,recA,0.19233456
1027,328,NODE_523_length_17330_cov_53.09,Feb_A_thermo,70,February,A,2780,recA,0.205112141
1028,329,NODE_523_length_17330_cov_53.09,Feb_A_thermo,70,February,A,2780,recA,0.218008675
636,226,NODE_523_length_17330_cov_53.094829,June_B_thermo,83,June,B,2780,recA,0.093220339
212,59,NODE_523_length_17330_cov_53.094829,Feb_B_thermo,70,February,B,2780,recA,0.100436681
213,60,NODE_523_length_17330_cov_53.094829,Feb_B_thermo,70,February,B,2780,recA,0.117117117
214,61,NODE_523_length_17330_cov_53.094829,Feb_B_thermo,70,February,B,2780,recA,0.093333333
215,61,NODE_523_length_17330_cov_53.094829,June_B_thermo,83,June,B,2780,recA,0.128205128
637,227,NODE_523_length_17330_cov_53.094829,June_B_thermo,83,June,B,2780,recA,0.067114094
216,62,NODE_523_length_17330_cov_53.094829,Feb_B_thermo,70,February,B,2780,recA,0.093117409
217,62,NODE_523_length_17330_cov_53.094829,June_A_thermo,82.8,June,A,2780,recA,0.319672131
218,62,NODE_523_length_17330_cov_53.094829,June_C_thermo,73,June,C,2780,recA,0.542021924
591,199,NODE_523_length_17330_cov_53.094829,June_A_thermo,82.8,June,A,2780,recA,0.343209877
592,199,NODE_523_length_17330_cov_53.094829,June_C_thermo,73,June,C,2780,recA,0.687168611
593,200,NODE_523_length_17330_cov_53.094829,June_A_thermo,82.8,June,A,2780,recA,0.417783191
594,200,NODE_523_length_17330_cov_53.094829,June_C_thermo,73,June,C,2780,recA,0.756012024
595,201,NODE_523_length_17330_cov_53.094829,June_A_thermo,82.8,June,A,2780,recA,0.41511772
596,201,NODE_523_length_17330_cov_53.094829,June_C_thermo,73,June,C,2780,recA,0.664787289
597,202,NODE_523_length_17330_cov_53.094829,June_A_thermo,82.8,June,A,2780,recA,0.342331288
598,202,NODE_523_length_17330_cov_53.094829,June_C_thermo,73,June,C,2780,recA,0.654415518
599,203,NODE_523_length_17330_cov_53.094829,June_A_thermo,82.8,June,A,2780,recA,0.337801609
600,203,NODE_523_length_17330_cov_53.094829,June_C_thermo,73,June,C,2780,recA,0.705537806
638,228,NODE_523_length_17330_cov_53.094829,June_B_thermo,83,June,B,2780,recA,0.076023392
1007,308,NODE_523_length_17330_cov_53.09,Feb_A_thermo,70,February,A,2780,recA,0.241556749
1008,309,NODE_523_length_17330_cov_53.09,Feb_A_thermo,70,February,A,2780,recA,0.16776893
1009,310,NODE_523_length_17330_cov_53.09,Feb_A_thermo,70,February,A,2780,recA,0.219476892
1010,311,NODE_523_length_17330_cov_53.09,Feb_A_thermo,70,February,A,2780,recA,0.204934567
601,204,NODE_523_length_17330_cov_53.094829,June_A_thermo,82.8,June,A,2780,recA,0.1238825
602,204,NODE_523_length_17330_cov_53.094829,June_C_thermo,73,June,C,2780,recA,0.275362319
603,205,NODE_523_length_17330_cov_53.094829,June_A_thermo,82.8,June,A,2780,recA,0.392370572
604,205,NODE_523_length_17330_cov_53.094829,June_C_thermo,73,June,C,2780,recA,0.775675676
605,206,NODE_523_length_17330_cov_53.094829,June_A_thermo,82.8,June,A,2780,recA,0.387222947
1011,312,NODE_523_length_17330_cov_53.09,Feb_A_thermo,70,February,A,2780,recA,0.2965748
1012,313,NODE_523_length_17330_cov_53.09,Feb_A_thermo,70,February,A,2780,recA,0.1764435
1013,314,NODE_523_length_17330_cov_53.09,Feb_A_thermo,70,February,A,2780,recA,0.2398456
606,206,NODE_523_length_17330_cov_53.094829,June_C_thermo,73,June,C,2780,recA,0.769146608
664,254,NODE_523_length_17330_cov_53.094829,June_C_thermo,73,June,C,2780,recA,0.088389121
607,207,NODE_523_length_17330_cov_53.094829,June_A_thermo,82.8,June,A,2780,recA,0.402073733
608,207,NODE_523_length_17330_cov_53.094829,June_C_thermo,73,June,C,2780,recA,0.767039674
609,208,NODE_523_length_17330_cov_53.094829,June_A_thermo,82.8,June,A,2780,recA,0.401548673
610,208,NODE_523_length_17330_cov_53.094829,June_C_thermo,73,June,C,2780,recA,0.769501761
219,63,NODE_523_length_17330_cov_53.094829,Feb_B_thermo,70,February,B,2780,recA,0.104089219
220,63,NODE_523_length_17330_cov_53.094829,June_A_thermo,82.8,June,A,2780,recA,0.352235551
221,63,NODE_523_length_17330_cov_53.094829,June_B_thermo,83,June,B,2780,recA,0.100558659
222,63,NODE_523_length_17330_cov_53.094829,June_C_thermo,73,June,C,2780,recA,0.662234043
223,64,NODE_523_length_17330_cov_53.094829,Feb_B_thermo,70,February,B,2780,recA,0.107296137
224,64,NODE_523_length_17330_cov_53.094829,June_A_thermo,82.8,June,A,2780,recA,0.357482185
225,64,NODE_523_length_17330_cov_53.094829,June_B_thermo,83,June,B,2780,recA,0.113207547
226,64,NODE_523_length_17330_cov_53.094829,June_C_thermo,73,June,C,2780,recA,0.658075601
227,65,NODE_523_length_17330_cov_53.094829,Feb_B_thermo,70,February,B,2780,recA,0.115702479
228,65,NODE_523_length_17330_cov_53.094829,June_A_thermo,82.8,June,A,2780,recA,0.353488372
229,65,NODE_523_length_17330_cov_53.094829,June_B_thermo,83,June,B,2780,recA,0.096969697
230,65,NODE_523_length_17330_cov_53.094829,June_C_thermo,73,June,C,2780,recA,0.647752809
611,209,NODE_523_length_17330_cov_53.094829,June_A_thermo,82.8,June,A,2780,recA,0.103971963
612,209,NODE_523_length_17330_cov_53.094829,June_C_thermo,73,June,C,2780,recA,0.225823592
613,210,NODE_523_length_17330_cov_53.094829,June_A_thermo,82.8,June,A,2780,recA,0.0971223
614,210,NODE_523_length_17330_cov_53.094829,June_C_thermo,73,June,C,2780,recA,0.136004217
1004,305,NODE_523_length_17330_cov_53.09,Feb_A_thermo,70,February,A,2780,recA,0.48511211
1005,306,NODE_523_length_17330_cov_53.09,Feb_A_thermo,70,February,A,2780,recA,0.22387891
1006,307,NODE_523_length_17330_cov_53.09,Feb_A_thermo,70,February,A,2780,recA,0.19867892
231,66,NODE_523_length_17330_cov_53.094829,Feb_B_thermo,70,February,B,2780,recA,0.11637931
232,66,NODE_523_length_17330_cov_53.094829,June_A_thermo,82.8,June,A,2780,recA,0.428973277
233,66,NODE_523_length_17330_cov_53.094829,June_B_thermo,83,June,B,2780,recA,0.118012422
234,66,NODE_523_length_17330_cov_53.094829,June_C_thermo,73,June,C,2780,recA,0.864204884
235,67,NODE_523_length_17330_cov_53.094829,Feb_B_thermo,70,February,B,2780,recA,0.106557377
236,67,NODE_523_length_17330_cov_53.094829,June_A_thermo,82.8,June,A,2780,recA,0.404145078
237,67,NODE_523_length_17330_cov_53.094829,June_B_thermo,83,June,B,2780,recA,0.129411765
238,67,NODE_523_length_17330_cov_53.094829,June_C_thermo,73,June,C,2780,recA,0.802669762
615,211,NODE_523_length_17330_cov_53.094829,June_A_thermo,82.8,June,A,2780,recA,0.382475661
616,211,NODE_523_length_17330_cov_53.094829,June_C_thermo,73,June,C,2780,recA,0.754601227
617,212,NODE_523_length_17330_cov_53.094829,June_A_thermo,82.8,June,A,2780,recA,0.146478873
618,212,NODE_523_length_17330_cov_53.094829,June_C_thermo,73,June,C,2780,recA,0.315258512
665,255,NODE_523_length_17330_cov_53.094829,June_C_thermo,73,June,C,2780,recA,0.077569489
619,213,NODE_523_length_17330_cov_53.094829,June_A_thermo,82.8,June,A,2780,recA,0.22100955
620,213,NODE_523_length_17330_cov_53.094829,June_C_thermo,73,June,C,2780,recA,0.298342541
621,214,NODE_523_length_17330_cov_53.094829,June_A_thermo,82.8,June,A,2780,recA,0.193808883
622,214,NODE_523_length_17330_cov_53.094829,June_C_thermo,73,June,C,2780,recA,0.284701713
623,215,NODE_523_length_17330_cov_53.094829,June_A_thermo,82.8,June,A,2780,recA,0.313572543
624,215,NODE_523_length_17330_cov_53.094829,June_C_thermo,73,June,C,2780,recA,0.551864407
999,300,NODE_523_length_17330_cov_53.09,Feb_A_thermo,70,February,A,2780,recA,0.42146443
1000,301,NODE_523_length_17330_cov_53.09,Feb_A_thermo,70,February,A,2780,recA,0.37635478
1001,302,NODE_523_length_17330_cov_53.09,Feb_A_thermo,70,February,A,2780,recA,0.19319782
1002,303,NODE_523_length_17330_cov_53.09,Feb_A_thermo,70,February,A,2780,recA,0.23830243
1003,304,NODE_523_length_17330_cov_53.09,Feb_A_thermo,70,February,A,2780,recA,0.20514899
1029,330,NODE_523_length_17330_cov_53.09,Feb_A_thermo,70,February,A,2780,recA,0.23429638
1030,331,NODE_523_length_17330_cov_53.09,Feb_A_thermo,70,February,A,2780,recA,0.18776541
1031,332,NODE_523_length_17330_cov_53.09,Feb_A_thermo,70,February,A,2780,recA,0.39632887
1032,333,NODE_523_length_17330_cov_53.09,Feb_A_thermo,70,February,A,2780,recA,0.36192857
1033,334,NODE_523_length_17330_cov_53.09,Feb_A_thermo,70,February,A,2780,recA,0.22412888
1034,335,NODE_523_length_17330_cov_53.09,Feb_A_thermo,70,February,A,2780,recA,0.21211836
1035,336,NODE_523_length_17330_cov_53.09,Feb_A_thermo,70,February,A,2780,recA,0.24779653
1036,337,NODE_523_length_17330_cov_53.09,Feb_A_thermo,70,February,A,2780,recA,0.19984381