entry_id,unique_pos_identifier,contig_name,sample_id,Temperature,Month,Site,ANVIO_Gene_Call,Gene_ID,snp_freq
587,190,NODE_120_length_40467_cov_53.543128,June_A_thermo,82.8,June,A,541,rpoB,0.093979442
588,190,NODE_120_length_40467_cov_53.543128,June_C_thermo,73,June ,C,541,rpoB,0.136849608
753,284,NODE_120_length_40467_cov_53.543128,June_C_thermo,73,June,C,541,rpoB,0.075078864
209,56,NODE_120_length_40467_cov_53.543128,Feb_B_thermo,70,February,B,541,rpoB,0.234309623
210,56,NODE_120_length_40467_cov_53.543128,June_B_thermo,83,June,B,541,rpoB,0.222857143
752,283,NODE_120_length_40467_cov_53.543128,June_C_thermo,73,June,C,541,rpoB,0.080909572
586,189,NODE_120_length_40467_cov_53.543128,June_A_thermo,82.8,June,A,541,rpoB,0.081188119
47,11,NODE_120_length_40467_cov_53.543128,Feb_A_thermo,85,February,A,541,rpoB,0.357142857
48,11,NODE_120_length_40467_cov_53.543128,Feb_B_thermo,70,February,B,541,rpoB,0.434931507
49,11,NODE_120_length_40467_cov_53.543128,June_A_thermo,82.8,June,A,541,rpoB,0.174180328
50,11,NODE_120_length_40467_cov_53.543128,June_B_thermo,83,June,B,541,rpoB,0.453608247
206,55,NODE_120_length_40467_cov_53.543128,Feb_B_thermo,70,February,B,541,rpoB,0.242811502
207,55,NODE_120_length_40467_cov_53.543128,June_A_thermo,82.8,June,A,541,rpoB,0.065764023
208,55,NODE_120_length_40467_cov_53.543128,June_B_thermo,83,June,B,541,rpoB,0.339285714
584,188,NODE_120_length_40467_cov_53.543128,June_A_thermo,82.8,June,A,541,rpoB,0.114186851
585,188,NODE_120_length_40467_cov_53.543128,June_C_thermo,73,June,C,541,rpoB,0.113574661
751,282,NODE_120_length_40467_cov_53.543128,June_C_thermo,73,June,C,541,rpoB,0.067700987
202,54,NODE_120_length_40467_cov_53.543128,Feb_B_thermo,70,February,B,541,rpoB,0.242320819
203,54,NODE_120_length_40467_cov_53.543128,June_A_thermo,82.8,June,A,541,rpoB,0.596266044
204,54,NODE_120_length_40467_cov_53.543128,June_B_thermo,83,June,B,541,rpoB,0.404347826
205,54,NODE_120_length_40467_cov_53.543128,June_C_thermo,73,June,C,541,rpoB,0.935964912
750,281,NODE_120_length_40467_cov_53.543128,June_C_thermo,73,June,C,541,rpoB,0.060795709
44,10,NODE_120_length_40467_cov_53.543128,Feb_A_thermo,85,February,A,541,rpoB,0.304347826
45,10,NODE_120_length_40467_cov_53.543128,June_A_thermo,82.8,June,A,541,rpoB,0.530815109
46,10,NODE_120_length_40467_cov_53.543128,June_C_thermo,73,June,C,541,rpoB,0.965933592
39,9,NODE_120_length_40467_cov_53.543128,Feb_A_thermo,85,February,A,541,rpoB,0.315789474
40,9,NODE_120_length_40467_cov_53.543128,Feb_B_thermo,70,February,B,541,rpoB,0.28057554
41,9,NODE_120_length_40467_cov_53.543128,June_A_thermo,82.8,June,A,541,rpoB,0.628787879
42,9,NODE_120_length_40467_cov_53.543128,June_B_thermo,83,June,B,541,rpoB,0.340707965
43,9,NODE_120_length_40467_cov_53.543128,June_C_thermo,73,June,C,541,rpoB,0.978280142
34,8,NODE_120_length_40467_cov_53.543128,Feb_A_thermo,85,February,A,541,rpoB,0.318181818
35,8,NODE_120_length_40467_cov_53.543128,Feb_B_thermo,70,February,B,541,rpoB,0.251724138
36,8,NODE_120_length_40467_cov_53.543128,June_A_thermo,82.8,June,A,541,rpoB,0.614604462
37,8,NODE_120_length_40467_cov_53.543128,June_B_thermo,83,June,B,541,rpoB,0.323404255
38,8,NODE_120_length_40467_cov_53.543128,June_C_thermo,73,June,C,541,rpoB,0.979591837
29,7,NODE_120_length_40467_cov_53.543128,Feb_A_thermo,85,February,A,541,rpoB,0.3
30,7,NODE_120_length_40467_cov_53.543128,Feb_B_thermo,70,February,B,541,rpoB,0.248251748
31,7,NODE_120_length_40467_cov_53.543128,June_A_thermo,82.8,June,A,541,rpoB,0.593385214
32,7,NODE_120_length_40467_cov_53.543128,June_B_thermo,83,June,B,541,rpoB,0.250996016
33,7,NODE_120_length_40467_cov_53.543128,June_C_thermo,73,June,C,541,rpoB,0.948827292
727,258,NODE_120_length_40467_cov_53.543128,June_B_thermo,83,June,B,541,rpoB,0.113636364
582,187,NODE_120_length_40467_cov_53.543128,June_A_thermo,82.8,June,A,541,rpoB,0.088619403
583,187,NODE_120_length_40467_cov_53.543128,June_C_thermo,73,June,C,541,rpoB,0.181279119
749,280,NODE_120_length_40467_cov_53.543128,June_C_thermo,73,June,C,541,rpoB,0.081891093
748,279,NODE_120_length_40467_cov_53.543128,June_C_thermo,73,June,C,541,rpoB,0.06379073
725,256,NODE_120_length_40467_cov_53.543128,June_B_thermo,83,June,B,541,rpoB,0.051948052
726,257,NODE_120_length_40467_cov_53.543128,June_B_thermo,83,June,B,541,rpoB,0.058823529
199,53,NODE_120_length_40467_cov_53.543128,Feb_B_thermo,70,February,B,541,rpoB,0.068627451
200,53,NODE_120_length_40467_cov_53.543128,June_A_thermo,82.8,June,A,541,rpoB,0.068427371
201,53,NODE_120_length_40467_cov_53.543128,June_B_thermo,83,June,B,541,rpoB,0.106918239
25,6,NODE_120_length_40467_cov_53.543128,Feb_A_thermo,85,February,A,541,rpoB,0.2
26,6,NODE_120_length_40467_cov_53.543128,Feb_B_thermo,70,February,B,541,rpoB,0.052
27,6,NODE_120_length_40467_cov_53.543128,June_A_thermo,82.8,June,A,541,rpoB,0.290620872
28,6,NODE_120_length_40467_cov_53.543128,June_C_thermo,73,June,C,541,rpoB,0.479200432
747,278,NODE_120_length_40467_cov_53.543128,June_C_thermo,73,June,C,541,rpoB,0.053026513
746,277,NODE_120_length_40467_cov_53.543128,June_C_thermo,73,June,C,541,rpoB,0.053372149
724,255,NODE_120_length_40467_cov_53.543128,June_B_thermo,83,June,B,541,rpoB,0.071794872
580,186,NODE_120_length_40467_cov_53.543128,June_A_thermo,82.8,June,A,541,rpoB,0.26510989
581,186,NODE_120_length_40467_cov_53.543128,June_C_thermo,73,June,C,541,rpoB,0.393175853
578,185,NODE_120_length_40467_cov_53.543128,June_A_thermo,82.8,June,A,541,rpoB,0.555279503
579,185,NODE_120_length_40467_cov_53.543128,June_C_thermo,73,June,C,541,rpoB,0.96021611
576,184,NODE_120_length_40467_cov_53.543128,June_A_thermo,82.8,June,A,541,rpoB,0.134872418
577,184,NODE_120_length_40467_cov_53.543128,June_C_thermo,73,June,C,541,rpoB,0.297020029
745,276,NODE_120_length_40467_cov_53.543128,June_C_thermo,73,June,C,541,rpoB,0.08042328
744,275,NODE_120_length_40467_cov_53.543128,June_C_thermo,73,June,C,541,rpoB,0.065928535
574,183,NODE_120_length_40467_cov_53.543128,June_A_thermo,82.8,June,A,541,rpoB,0.301935484
575,183,NODE_120_length_40467_cov_53.543128,June_C_thermo,73,June,C,541,rpoB,0.439765458
572,182,NODE_120_length_40467_cov_53.543128,June_A_thermo,82.8,June,A,541,rpoB,0.059418458
573,182,NODE_120_length_40467_cov_53.543128,June_C_thermo,73,June,C,541,rpoB,0.115715008
22,5,NODE_120_length_40467_cov_53.543128,Feb_A_thermo,85,February,A,541,rpoB,0.333333333
23,5,NODE_120_length_40467_cov_53.543128,June_A_thermo,82.8,June,A,541,rpoB,0.087186262
24,5,NODE_120_length_40467_cov_53.543128,June_C_thermo,73,June,C,541,rpoB,0.121835443
17,4,NODE_120_length_40467_cov_53.543128,Feb_A_thermo,85,February,A,541,rpoB,0.461538462
18,4,NODE_120_length_40467_cov_53.543128,Feb_B_thermo,70,February,B,541,rpoB,0.072796935
19,4,NODE_120_length_40467_cov_53.543128,June_A_thermo,82.8,June,A,541,rpoB,0.626262626
20,4,NODE_120_length_40467_cov_53.543128,June_B_thermo,83,June,B,541,rpoB,0.123076923
21,4,NODE_120_length_40467_cov_53.543128,June_C_thermo,73,June,C,541,rpoB,0.976608187
723,254,NODE_120_length_40467_cov_53.543128,June_B_thermo,83,June,B,541,rpoB,0.058536585
196,52,NODE_120_length_40467_cov_53.543128,Feb_B_thermo,70,February,B,541,rpoB,0.075539568
197,52,NODE_120_length_40467_cov_53.543128,June_A_thermo,82.8,June,A,541,rpoB,0.554123711
198,52,NODE_120_length_40467_cov_53.543128,June_C_thermo,73,June,C,541,rpoB,0.962863294
13,3,NODE_120_length_40467_cov_53.543128,Feb_A_thermo,85,February,A,541,rpoB,0.181818182
14,3,NODE_120_length_40467_cov_53.543128,Feb_B_thermo,70,February,B,541,rpoB,0.091549296
15,3,NODE_120_length_40467_cov_53.543128,June_A_thermo,82.8,June,A,541,rpoB,0.544444444
16,3,NODE_120_length_40467_cov_53.543128,June_C_thermo,73,June,C,541,rpoB,0.958795563
8,2,NODE_120_length_40467_cov_53.543128,Feb_A_thermo,85,February,A,541,rpoB,0.75
9,2,NODE_120_length_40467_cov_53.543128,Feb_B_thermo,70,February,B,541,rpoB,0.367003367
10,2,NODE_120_length_40467_cov_53.543128,June_A_thermo,82.8,June,A,541,rpoB,0.701634877
11,2,NODE_120_length_40467_cov_53.543128,June_B_thermo,83,June,B,541,rpoB,0.395
12,2,NODE_120_length_40467_cov_53.543128,June_C_thermo,73,June,C,541,rpoB,0.984274898
193,51,NODE_120_length_40467_cov_53.543128,Feb_B_thermo,70,February,B,541,rpoB,0.083892617
194,51,NODE_120_length_40467_cov_53.543128,June_A_thermo,82.8,June,A,541,rpoB,0.526530612
195,51,NODE_120_length_40467_cov_53.543128,June_C_thermo,73,June,C,541,rpoB,0.924452134
190,50,NODE_120_length_40467_cov_53.543128,Feb_B_thermo,70,February,B,541,rpoB,0.08365019
191,50,NODE_120_length_40467_cov_53.543128,June_A_thermo,82.8,June,A,541,rpoB,0.471582181
192,50,NODE_120_length_40467_cov_53.543128,June_C_thermo,73,June,C,541,rpoB,0.945480631
184,48,NODE_120_length_40467_cov_53.543128,Feb_B_thermo,70,February,B,541,rpoB,0.084615385
185,48,NODE_120_length_40467_cov_53.543128,June_A_thermo,82.8,June,A,541,rpoB,0.469135802
186,48,NODE_120_length_40467_cov_53.543128,June_C_thermo,73,June,C,541,rpoB,0.943490701
187,49,NODE_120_length_40467_cov_53.543128,Feb_B_thermo,70,February,B,541,rpoB,0.084942085
188,49,NODE_120_length_40467_cov_53.543128,June_A_thermo,82.8,June,A,541,rpoB,0.466973886
189,49,NODE_120_length_40467_cov_53.543128,June_C_thermo,73,June,C,541,rpoB,0.93615495
181,47,NODE_120_length_40467_cov_53.543128,Feb_B_thermo,70,February,B,541,rpoB,0.093385214
182,47,NODE_120_length_40467_cov_53.543128,June_A_thermo,82.8,June,A,541,rpoB,0.482919255
183,47,NODE_120_length_40467_cov_53.543128,June_C_thermo,73,June,C,541,rpoB,0.941218638
178,46,NODE_120_length_40467_cov_53.543128,Feb_B_thermo,70,February,B,541,rpoB,0.096899225
179,46,NODE_120_length_40467_cov_53.543128,June_A_thermo,82.8,June,A,541,rpoB,0.472
180,46,NODE_120_length_40467_cov_53.543128,June_C_thermo,73,June,C,541,rpoB,0.939461883
175,45,NODE_120_length_40467_cov_53.543128,Feb_B_thermo,70,February,B,541,rpoB,0.075098814
176,45,NODE_120_length_40467_cov_53.543128,June_A_thermo,82.8,June,A,541,rpoB,0.471246006
177,45,NODE_120_length_40467_cov_53.543128,June_C_thermo,73,June,C,541,rpoB,0.941860465
172,44,NODE_120_length_40467_cov_53.543128,Feb_B_thermo,70,February,B,541,rpoB,0.073076923
173,44,NODE_120_length_40467_cov_53.543128,June_A_thermo,82.8,June,A,541,rpoB,0.477449456
174,44,NODE_120_length_40467_cov_53.543128,June_C_thermo,73,June,C,541,rpoB,0.942136499
169,43,NODE_120_length_40467_cov_53.543128,Feb_B_thermo,70,February,B,541,rpoB,0.069498069
170,43,NODE_120_length_40467_cov_53.543128,June_A_thermo,82.8,June,A,541,rpoB,0.476117103
171,43,NODE_120_length_40467_cov_53.543128,June_C_thermo,73,June,C,541,rpoB,0.940467219
166,42,NODE_120_length_40467_cov_53.543128,Feb_B_thermo,70,February,B,541,rpoB,0.06870229
167,42,NODE_120_length_40467_cov_53.543128,June_A_thermo,82.8,June,A,541,rpoB,0.478851964
168,42,NODE_120_length_40467_cov_53.543128,June_C_thermo,73,June,C,541,rpoB,0.94540015
163,41,NODE_120_length_40467_cov_53.543128,Feb_B_thermo,70,February,B,541,rpoB,0.084615385
164,41,NODE_120_length_40467_cov_53.543128,June_A_thermo,82.8,June,A,541,rpoB,0.469767442
165,41,NODE_120_length_40467_cov_53.543128,June_C_thermo,73,June,C,541,rpoB,0.942017474
570,181,NODE_120_length_40467_cov_53.543128,June_A_thermo,82.8,June,A,541,rpoB,0.435555556
571,181,NODE_120_length_40467_cov_53.543128,June_C_thermo,73,June,C,541,rpoB,0.865791393
568,180,NODE_120_length_40467_cov_53.543128,June_A_thermo,82.8,June,A,541,rpoB,0.440702782
569,180,NODE_120_length_40467_cov_53.543128,June_C_thermo,73,June,C,541,rpoB,0.863970588
566,179,NODE_120_length_40467_cov_53.543128,June_A_thermo,82.8,June,A,541,rpoB,0.487179487
567,179,NODE_120_length_40467_cov_53.543128,June_C_thermo,73,June,C,541,rpoB,0.948438635
564,178,NODE_120_length_40467_cov_53.543128,June_A_thermo,82.8,June,A,541,rpoB,0.34107402
565,178,NODE_120_length_40467_cov_53.543128,June_C_thermo,73,June,C,541,rpoB,0.560058954
562,177,NODE_120_length_40467_cov_53.543128,June_A_thermo,82.8,June,A,541,rpoB,0.358725762
563,177,NODE_120_length_40467_cov_53.543128,June_C_thermo,73,June,C,541,rpoB,0.565278758
560,176,NODE_120_length_40467_cov_53.543128,June_A_thermo,82.8,June,A,541,rpoB,0.357534247
561,176,NODE_120_length_40467_cov_53.543128,June_C_thermo,73,June,C,541,rpoB,0.572916667
558,175,NODE_120_length_40467_cov_53.543128,June_A_thermo,82.8,June,A,541,rpoB,0.388958595
559,175,NODE_120_length_40467_cov_53.543128,June_C_thermo,73,June,C,541,rpoB,0.58286429
556,174,NODE_120_length_40467_cov_53.543128,June_A_thermo,82.8,June,A,541,rpoB,0.403703704
557,174,NODE_120_length_40467_cov_53.543128,June_C_thermo,73,June,C,541,rpoB,0.591626214
160,40,NODE_120_length_40467_cov_53.543128,Feb_B_thermo,70,February,B,541,rpoB,0.058091286
161,40,NODE_120_length_40467_cov_53.543128,June_A_thermo,82.8,June,A,541,rpoB,0.444306931
162,40,NODE_120_length_40467_cov_53.543128,June_C_thermo,73,June,C,541,rpoB,0.660024155
554,173,NODE_120_length_40467_cov_53.543128,June_A_thermo,82.8,June,A,541,rpoB,0.415948276
555,173,NODE_120_length_40467_cov_53.543128,June_C_thermo,73,June,C,541,rpoB,0.618048269
722,253,NODE_120_length_40467_cov_53.543128,June_B_thermo,83,June,B,541,rpoB,0.059459459
721,252,NODE_120_length_40467_cov_53.543128,June_B_thermo,83,June,B,541,rpoB,0.058201058
156,39,NODE_120_length_40467_cov_53.543128,Feb_B_thermo,70,February,B,541,rpoB,0.075268817
157,39,NODE_120_length_40467_cov_53.543128,June_A_thermo,82.8,June,A,541,rpoB,0.53461975
158,39,NODE_120_length_40467_cov_53.543128,June_B_thermo,83,June,B,541,rpoB,0.058823529
159,39,NODE_120_length_40467_cov_53.543128,June_C_thermo,73,June,C,541,rpoB,0.8802589
552,172,NODE_120_length_40467_cov_53.543128,June_A_thermo,82.8,June,A,541,rpoB,0.445205479
553,172,NODE_120_length_40467_cov_53.543128,June_C_thermo,73,June,C,541,rpoB,0.658752071
548,170,NODE_120_length_40467_cov_53.543128,June_A_thermo,82.8,June,A,541,rpoB,0.428901734
549,170,NODE_120_length_40467_cov_53.543128,June_C_thermo,73,June,C,541,rpoB,0.631032693
550,171,NODE_120_length_40467_cov_53.543128,June_A_thermo,82.8,June,A,541,rpoB,0.427578216
551,171,NODE_120_length_40467_cov_53.543128,June_C_thermo,73,June,C,541,rpoB,0.628645833
546,169,NODE_120_length_40467_cov_53.543128,June_A_thermo,82.8,June,A,541,rpoB,0.562573099
547,169,NODE_120_length_40467_cov_53.543128,June_C_thermo,73,June,C,541,rpoB,0.920741122
544,168,NODE_120_length_40467_cov_53.543128,June_A_thermo,82.8,June,A,541,rpoB,0.556831228
545,168,NODE_120_length_40467_cov_53.543128,June_C_thermo,73,June,C,541,rpoB,0.919940328
542,167,NODE_120_length_40467_cov_53.543128,June_A_thermo,82.8,June,A,541,rpoB,0.41031941
543,167,NODE_120_length_40467_cov_53.543128,June_C_thermo,73,June,C,541,rpoB,0.638686131
540,166,NODE_120_length_40467_cov_53.543128,June_A_thermo,82.8,June,A,541,rpoB,0.557142857
541,166,NODE_120_length_40467_cov_53.543128,June_C_thermo,73,June,C,541,rpoB,0.925337187
152,38,NODE_120_length_40467_cov_53.543128,Feb_B_thermo,70,February,B,541,rpoB,0.077702703
153,38,NODE_120_length_40467_cov_53.543128,June_A_thermo,82.8,June,A,541,rpoB,0.550343249
154,38,NODE_120_length_40467_cov_53.543128,June_B_thermo,83,June,B,541,rpoB,0.06557377
155,38,NODE_120_length_40467_cov_53.543128,June_C_thermo,73,June,C,541,rpoB,0.899291498
536,164,NODE_120_length_40467_cov_53.543128,June_A_thermo,82.8,June,A,541,rpoB,0.329297821
537,164,NODE_120_length_40467_cov_53.543128,June_C_thermo,73,June,C,541,rpoB,0.406691061
538,165,NODE_120_length_40467_cov_53.543128,June_A_thermo,82.8,June,A,541,rpoB,0.324455206
539,165,NODE_120_length_40467_cov_53.543128,June_C_thermo,73,June,C,541,rpoB,0.404699739
149,37,NODE_120_length_40467_cov_53.543128,Feb_B_thermo,70,February,B,541,rpoB,0.077464789
150,37,NODE_120_length_40467_cov_53.543128,June_A_thermo,82.8,June,A,541,rpoB,0.363057325
151,37,NODE_120_length_40467_cov_53.543128,June_C_thermo,73,June,C,541,rpoB,0.508928571
146,36,NODE_120_length_40467_cov_53.543128,Feb_B_thermo,70,February,B,541,rpoB,0.056939502
147,36,NODE_120_length_40467_cov_53.543128,June_A_thermo,82.8,June,A,541,rpoB,0.482758621
148,36,NODE_120_length_40467_cov_53.543128,June_C_thermo,73,June,C,541,rpoB,0.863691932
143,35,NODE_120_length_40467_cov_53.543128,Feb_B_thermo,70,February,B,541,rpoB,0.057142857
144,35,NODE_120_length_40467_cov_53.543128,June_A_thermo,82.8,June,A,541,rpoB,0.327348066
145,35,NODE_120_length_40467_cov_53.543128,June_C_thermo,73,June,C,541,rpoB,0.483793517
3,1,NODE_120_length_40467_cov_53.543128,Feb_A_thermo,85,February,A,541,rpoB,0.6
4,1,NODE_120_length_40467_cov_53.543128,Feb_B_thermo,70,February,B,541,rpoB,0.354243542
5,1,NODE_120_length_40467_cov_53.543128,June_A_thermo,82.8,June,A,541,rpoB,0.634532374
6,1,NODE_120_length_40467_cov_53.543128,June_B_thermo,83,June,B,541,rpoB,0.395209581
7,1,NODE_120_length_40467_cov_53.543128,June_C_thermo,73,June,C,541,rpoB,0.906425452
534,163,NODE_120_length_40467_cov_53.543128,June_A_thermo,82.8,June,A,541,rpoB,0.46996997
535,163,NODE_120_length_40467_cov_53.543128,June_C_thermo,73,June,C,541,rpoB,0.72935197
140,34,NODE_120_length_40467_cov_53.543128,Feb_B_thermo,70,February,B,541,rpoB,0.06870229
141,34,NODE_120_length_40467_cov_53.543128,June_A_thermo,82.8,June,A,541,rpoB,0.294706724
142,34,NODE_120_length_40467_cov_53.543128,June_C_thermo,73,June,C,541,rpoB,0.353205128
137,33,NODE_120_length_40467_cov_53.543128,Feb_B_thermo,70,February,B,541,rpoB,0.051383399
138,33,NODE_120_length_40467_cov_53.543128,June_A_thermo,82.8,June,A,541,rpoB,0.460227273
139,33,NODE_120_length_40467_cov_53.543128,June_C_thermo,73,June,C,541,rpoB,0.762557078
134,32,NODE_120_length_40467_cov_53.543128,Feb_B_thermo,70,February,B,541,rpoB,0.054945055
135,32,NODE_120_length_40467_cov_53.543128,June_A_thermo,82.8,June,A,541,rpoB,0.472703063
136,32,NODE_120_length_40467_cov_53.543128,June_C_thermo,73,June,C,541,rpoB,0.761418269
720,251,NODE_120_length_40467_cov_53.543128,June_B_thermo,83,June,B,541,rpoB,0.055248619
131,31,NODE_120_length_40467_cov_53.543128,Feb_B_thermo,70,February,B,541,rpoB,0.054474708
132,31,NODE_120_length_40467_cov_53.543128,June_A_thermo,82.8,June,A,541,rpoB,0.465240642
133,31,NODE_120_length_40467_cov_53.543128,June_C_thermo,73,June,C,541,rpoB,0.765034098
128,30,NODE_120_length_40467_cov_53.543128,Feb_B_thermo,70,February,B,541,rpoB,0.0651341
129,30,NODE_120_length_40467_cov_53.543128,June_A_thermo,82.8,June,A,541,rpoB,0.457259159
130,30,NODE_120_length_40467_cov_53.543128,June_C_thermo,73,June,C,541,rpoB,0.739522888
532,162,NODE_120_length_40467_cov_53.543128,June_A_thermo,82.8,June,A,541,rpoB,0.44591029
533,162,NODE_120_length_40467_cov_53.543128,June_C_thermo,73,June,C,541,rpoB,0.791366906
125,29,NODE_120_length_40467_cov_53.543128,Feb_B_thermo,70,February,B,541,rpoB,0.073643411
126,29,NODE_120_length_40467_cov_53.543128,June_A_thermo,82.8,June,A,541,rpoB,0.449868074
127,29,NODE_120_length_40467_cov_53.543128,June_C_thermo,73,June,C,541,rpoB,0.777988615
119,27,NODE_120_length_40467_cov_53.543128,Feb_B_thermo,70,February,B,541,rpoB,0.059288538
120,27,NODE_120_length_40467_cov_53.543128,June_A_thermo,82.8,June,A,541,rpoB,0.444444444
121,27,NODE_120_length_40467_cov_53.543128,June_C_thermo,73,June,C,541,rpoB,0.778277635
122,28,NODE_120_length_40467_cov_53.543128,Feb_B_thermo,70,February,B,541,rpoB,0.065891473
123,28,NODE_120_length_40467_cov_53.543128,June_A_thermo,82.8,June,A,541,rpoB,0.449163449
124,28,NODE_120_length_40467_cov_53.543128,June_C_thermo,73,June,C,541,rpoB,0.784313725
116,26,NODE_120_length_40467_cov_53.543128,Feb_B_thermo,70,February,B,541,rpoB,0.060836502
117,26,NODE_120_length_40467_cov_53.543128,June_A_thermo,82.8,June,A,541,rpoB,0.439086294
118,26,NODE_120_length_40467_cov_53.543128,June_C_thermo,73,June,C,541,rpoB,0.783030303
530,161,NODE_120_length_40467_cov_53.543128,June_A_thermo,82.8,June,A,541,rpoB,0.445962733
531,161,NODE_120_length_40467_cov_53.543128,June_C_thermo,73,June,C,541,rpoB,0.791617473
528,160,NODE_120_length_40467_cov_53.543128,June_A_thermo,82.8,June,A,541,rpoB,0.207594937
529,160,NODE_120_length_40467_cov_53.543128,June_C_thermo,73,June,C,541,rpoB,0.382122905
526,159,NODE_120_length_40467_cov_53.543128,June_A_thermo,82.8,June,A,541,rpoB,0.233153639
527,159,NODE_120_length_40467_cov_53.543128,June_C_thermo,73,June,C,541,rpoB,0.413793103
113,25,NODE_120_length_40467_cov_53.543128,Feb_B_thermo,70,February,B,541,rpoB,0.053941909
114,25,NODE_120_length_40467_cov_53.543128,June_A_thermo,82.8,June,A,541,rpoB,0.494594595
115,25,NODE_120_length_40467_cov_53.543128,June_C_thermo,73,June,C,541,rpoB,0.852699531
743,274,NODE_120_length_40467_cov_53.543128,June_C_thermo,73,June,C,541,rpoB,0.120538327
524,158,NODE_120_length_40467_cov_53.543128,June_A_thermo,82.8,June,A,541,rpoB,0.097496706
525,158,NODE_120_length_40467_cov_53.543128,June_C_thermo,73,June,C,541,rpoB,0.21111705
522,157,NODE_120_length_40467_cov_53.543128,June_A_thermo,82.8,June,A,541,rpoB,0.098958333
523,157,NODE_120_length_40467_cov_53.543128,June_C_thermo,73,June,C,541,rpoB,0.218335983
520,156,NODE_120_length_40467_cov_53.543128,June_A_thermo,82.8,June,A,541,rpoB,0.106891702
521,156,NODE_120_length_40467_cov_53.543128,June_C_thermo,73,June,C,541,rpoB,0.21894498
518,155,NODE_120_length_40467_cov_53.543128,June_A_thermo,82.8,June,A,541,rpoB,0.108882521
519,155,NODE_120_length_40467_cov_53.543128,June_C_thermo,73,June,C,541,rpoB,0.194790487
516,154,NODE_120_length_40467_cov_53.543128,June_A_thermo,82.8,June,A,541,rpoB,0.268428373
517,154,NODE_120_length_40467_cov_53.543128,June_C_thermo,73,June,C,541,rpoB,0.477572559
514,153,NODE_120_length_40467_cov_53.543128,June_A_thermo,82.8,June,A,541,rpoB,0.273103448
515,153,NODE_120_length_40467_cov_53.543128,June_C_thermo,73,June,C,541,rpoB,0.482096523
742,273,NODE_120_length_40467_cov_53.543128,June_C_thermo,73,June,C,541,rpoB,0.065837221
512,152,NODE_120_length_40467_cov_53.543128,June_A_thermo,82.8,June,A,541,rpoB,0.481843575
513,152,NODE_120_length_40467_cov_53.543128,June_C_thermo,73,June,C,541,rpoB,0.85655527
510,151,NODE_120_length_40467_cov_53.543128,June_A_thermo,82.8,June,A,541,rpoB,0.483561644
511,151,NODE_120_length_40467_cov_53.543128,June_C_thermo,73,June,C,541,rpoB,0.855140187
741,272,NODE_120_length_40467_cov_53.543128,June_C_thermo,73,June,C,541,rpoB,0.050248756
506,149,NODE_120_length_40467_cov_53.543128,June_A_thermo,82.8,June,A,541,rpoB,0.33248731
507,149,NODE_120_length_40467_cov_53.543128,June_C_thermo,73,June,C,541,rpoB,0.481701286
508,150,NODE_120_length_40467_cov_53.543128,June_A_thermo,82.8,June,A,541,rpoB,0.504369538
509,150,NODE_120_length_40467_cov_53.543128,June_C_thermo,73,June,C,541,rpoB,0.864167478
504,148,NODE_120_length_40467_cov_53.543128,June_A_thermo,82.8,June,A,541,rpoB,0.511083744
505,148,NODE_120_length_40467_cov_53.543128,June_C_thermo,73,June,C,541,rpoB,0.854453627
0,0,NODE_120_length_40467_cov_53.543128,Feb_A_thermo,85,February,A,541,rpoB,0.222222222
1,0,NODE_120_length_40467_cov_53.543128,June_A_thermo,82.8,June,A,541,rpoB,0.461780105
2,0,NODE_120_length_40467_cov_53.543128,June_C_thermo,73,June,C,541,rpoB,0.827663384
502,147,NODE_120_length_40467_cov_53.543128,June_A_thermo,82.8,June,A,541,rpoB,0.458106638
503,147,NODE_120_length_40467_cov_53.543128,June_C_thermo,73,June,C,541,rpoB,0.814675447
500,146,NODE_120_length_40467_cov_53.543128,June_A_thermo,82.8,June,A,541,rpoB,0.466230937
501,146,NODE_120_length_40467_cov_53.543128,June_C_thermo,73,June,C,541,rpoB,0.826958955
498,145,NODE_120_length_40467_cov_53.543128,June_A_thermo,82.8,June,A,541,rpoB,0.463547334
499,145,NODE_120_length_40467_cov_53.543128,June_C_thermo,73,June,C,541,rpoB,0.82412993
496,144,NODE_120_length_40467_cov_53.543128,June_A_thermo,82.8,June,A,541,rpoB,0.464932127
497,144,NODE_120_length_40467_cov_53.543128,June_C_thermo,73,June,C,541,rpoB,0.822712027
494,143,NODE_120_length_40467_cov_53.543128,June_A_thermo,82.8,June,A,541,rpoB,0.465536723
495,143,NODE_120_length_40467_cov_53.543128,June_C_thermo,73,June,C,541,rpoB,0.849164678
492,142,NODE_120_length_40467_cov_53.543128,June_A_thermo,82.8,June,A,541,rpoB,0.482339956
493,142,NODE_120_length_40467_cov_53.543128,June_C_thermo,73,June,C,541,rpoB,0.852872489
490,141,NODE_120_length_40467_cov_53.543128,June_A_thermo,82.8,June,A,541,rpoB,0.478905359
491,141,NODE_120_length_40467_cov_53.543128,June_C_thermo,73,June,C,541,rpoB,0.853980217
488,140,NODE_120_length_40467_cov_53.543128,June_A_thermo,82.8,June,A,541,rpoB,0.492152466
489,140,NODE_120_length_40467_cov_53.543128,June_C_thermo,73,June,C,541,rpoB,0.857278331
486,139,NODE_120_length_40467_cov_53.543128,June_A_thermo,82.8,June,A,541,rpoB,0.485678705
487,139,NODE_120_length_40467_cov_53.543128,June_C_thermo,73,June,C,541,rpoB,0.853411514
484,138,NODE_120_length_40467_cov_53.543128,June_A_thermo,82.8,June,A,541,rpoB,0.489596083
485,138,NODE_120_length_40467_cov_53.543128,June_C_thermo,73,June,C,541,rpoB,0.853443811
482,137,NODE_120_length_40467_cov_53.543128,June_A_thermo,82.8,June,A,541,rpoB,0.491925466
483,137,NODE_120_length_40467_cov_53.543128,June_C_thermo,73,June,C,541,rpoB,0.843956044
480,136,NODE_120_length_40467_cov_53.543128,June_A_thermo,82.8,June,A,541,rpoB,0.47799511
481,136,NODE_120_length_40467_cov_53.543128,June_C_thermo,73,June,C,541,rpoB,0.798738833
478,135,NODE_120_length_40467_cov_53.543128,June_A_thermo,82.8,June,A,541,rpoB,0.481572482
479,135,NODE_120_length_40467_cov_53.543128,June_C_thermo,73,June,C,541,rpoB,0.79706345
476,134,NODE_120_length_40467_cov_53.543128,June_A_thermo,82.8,June,A,541,rpoB,0.483009709
477,134,NODE_120_length_40467_cov_53.543128,June_C_thermo,73,June,C,541,rpoB,0.796891192
474,133,NODE_120_length_40467_cov_53.543128,June_A_thermo,82.8,June,A,541,rpoB,0.224465558
475,133,NODE_120_length_40467_cov_53.543128,June_C_thermo,73,June,C,541,rpoB,0.397007481
472,132,NODE_120_length_40467_cov_53.543128,June_A_thermo,82.8,June,A,541,rpoB,0.501718213
473,132,NODE_120_length_40467_cov_53.543128,June_C_thermo,73,June,C,541,rpoB,0.831953239
719,250,NODE_120_length_40467_cov_53.543128,June_B_thermo,83,June,B,541,rpoB,0.085365854
111,24,NODE_120_length_40467_cov_53.543128,Feb_B_thermo,70,February,B,541,rpoB,0.072463768
112,24,NODE_120_length_40467_cov_53.543128,June_B_thermo,83,June,B,541,rpoB,0.150684932
470,131,NODE_120_length_40467_cov_53.543128,June_A_thermo,82.8,June,A,541,rpoB,0.509756098
471,131,NODE_120_length_40467_cov_53.543128,June_C_thermo,73,June,C,541,rpoB,0.835953878
468,130,NODE_120_length_40467_cov_53.543128,June_A_thermo,82.8,June,A,541,rpoB,0.503184713
469,130,NODE_120_length_40467_cov_53.543128,June_C_thermo,73,June,C,541,rpoB,0.795640327
466,129,NODE_120_length_40467_cov_53.543128,June_A_thermo,82.8,June,A,541,rpoB,0.241992883
467,129,NODE_120_length_40467_cov_53.543128,June_C_thermo,73,June,C,541,rpoB,0.303388919
682,232,NODE_538_length_17124_cov_49.405286,June_A_thermo,82.8,June,A,757,gyrB,0.157273919
683,232,NODE_538_length_17124_cov_49.405286,June_B_thermo,83,June,B,757,gyrB,0.068322981
684,232,NODE_538_length_17124_cov_49.405286,June_C_thermo,73,June,C,757,gyrB,0.186550976
679,231,NODE_538_length_17124_cov_49.405286,June_A_thermo,82.8,June,A,757,gyrB,0.230555556
680,231,NODE_538_length_17124_cov_49.405286,June_B_thermo,83,June,B,757,gyrB,0.092592593
681,231,NODE_538_length_17124_cov_49.405286,June_C_thermo,73,June,C,757,gyrB,0.292223572
676,230,NODE_538_length_17124_cov_49.405286,June_A_thermo,82.8,June,A,757,gyrB,0.155555556
677,230,NODE_538_length_17124_cov_49.405286,June_B_thermo,83,June,B,757,gyrB,0.085365854
678,230,NODE_538_length_17124_cov_49.405286,June_C_thermo,73,June,C,757,gyrB,0.170250896
763,294,NODE_538_length_17124_cov_49.405286,June_C_thermo,73,June,C,757,gyrB,0.072261072
674,229,NODE_538_length_17124_cov_49.405286,June_A_thermo,82.8,June,A,757,gyrB,0.092470277
675,229,NODE_538_length_17124_cov_49.405286,June_C_thermo,73,June,C,757,gyrB,0.065344224
106,23,NODE_538_length_17124_cov_49.405286,Feb_A_thermo,85,February,A,757,gyrB,0.173913043
107,23,NODE_538_length_17124_cov_49.405286,Feb_B_thermo,70,February,B,757,gyrB,0.218867925
108,23,NODE_538_length_17124_cov_49.405286,June_A_thermo,82.8,June,A,757,gyrB,0.178988327
109,23,NODE_538_length_17124_cov_49.405286,June_B_thermo,83,June,B,757,gyrB,0.301075269
110,23,NODE_538_length_17124_cov_49.405286,June_C_thermo,73,June,C,757,gyrB,0.158684362
101,22,NODE_538_length_17124_cov_49.405286,Feb_A_thermo,85,February,A,757,gyrB,0.210526316
102,22,NODE_538_length_17124_cov_49.405286,Feb_B_thermo,70,February,B,757,gyrB,0.059479554
103,22,NODE_538_length_17124_cov_49.405286,June_A_thermo,82.8,June,A,757,gyrB,0.259158752
104,22,NODE_538_length_17124_cov_49.405286,June_B_thermo,83,June,B,757,gyrB,0.065326633
105,22,NODE_538_length_17124_cov_49.405286,June_C_thermo,73,June,C,757,gyrB,0.427030097
462,128,NODE_538_length_17124_cov_49.405286,Feb_B_thermo,70,February,B,757,gyrB,0.076271186
463,128,NODE_538_length_17124_cov_49.405286,June_A_thermo,82.8,June,A,757,gyrB,0.295321637
464,128,NODE_538_length_17124_cov_49.405286,June_B_thermo,83,June,B,757,gyrB,0.12244898
465,128,NODE_538_length_17124_cov_49.405286,June_C_thermo,73,June,C,757,gyrB,0.441446965
671,228,NODE_538_length_17124_cov_49.405286,June_A_thermo,82.8,June,A,757,gyrB,0.071322437
672,228,NODE_538_length_17124_cov_49.405286,June_B_thermo,83,June,B,757,gyrB,0.075757576
673,228,NODE_538_length_17124_cov_49.405286,June_C_thermo,73,June,C,757,gyrB,0.15485408
668,227,NODE_538_length_17124_cov_49.405286,June_A_thermo,82.8,June,A,757,gyrB,0.072033898
669,227,NODE_538_length_17124_cov_49.405286,June_B_thermo,83,June,B,757,gyrB,0.064814815
670,227,NODE_538_length_17124_cov_49.405286,June_C_thermo,73,June,C,757,gyrB,0.153360138
665,226,NODE_538_length_17124_cov_49.405286,June_A_thermo,82.8,June,A,757,gyrB,0.073239437
666,226,NODE_538_length_17124_cov_49.405286,June_B_thermo,83,June,B,757,gyrB,0.075829384
667,226,NODE_538_length_17124_cov_49.405286,June_C_thermo,73,June,C,757,gyrB,0.154857143
458,127,NODE_538_length_17124_cov_49.405286,Feb_B_thermo,70,February,B,757,gyrB,0.053719008
459,127,NODE_538_length_17124_cov_49.405286,June_A_thermo,82.8,June,A,757,gyrB,0.075136612
460,127,NODE_538_length_17124_cov_49.405286,June_B_thermo,83,June,B,757,gyrB,0.065656566
461,127,NODE_538_length_17124_cov_49.405286,June_C_thermo,73,June,C,757,gyrB,0.16122121
662,225,NODE_538_length_17124_cov_49.405286,June_A_thermo,82.8,June,A,757,gyrB,0.072135785
663,225,NODE_538_length_17124_cov_49.405286,June_B_thermo,83,June,B,757,gyrB,0.060913706
664,225,NODE_538_length_17124_cov_49.405286,June_C_thermo,73,June,C,757,gyrB,0.16161059
659,224,NODE_538_length_17124_cov_49.405286,June_A_thermo,82.8,June,A,757,gyrB,0.074424899
660,224,NODE_538_length_17124_cov_49.405286,June_B_thermo,83,June,B,757,gyrB,0.053140097
661,224,NODE_538_length_17124_cov_49.405286,June_C_thermo,73,June,C,757,gyrB,0.154492906
762,293,NODE_538_length_17124_cov_49.405286,June_C_thermo,73,June,C,757,gyrB,0.095954357
656,223,NODE_538_length_17124_cov_49.405286,June_A_thermo,82.8,June,A,757,gyrB,0.102666667
657,223,NODE_538_length_17124_cov_49.405286,June_B_thermo,83,June,B,757,gyrB,0.076923077
658,223,NODE_538_length_17124_cov_49.405286,June_C_thermo,73,June,C,757,gyrB,0.155949367
761,292,NODE_538_length_17124_cov_49.405286,June_C_thermo,73,June,C,757,gyrB,0.055473736
650,221,NODE_538_length_17124_cov_49.405286,June_A_thermo,82.8,June,A,757,gyrB,0.061469265
651,221,NODE_538_length_17124_cov_49.405286,June_B_thermo,83,June,B,757,gyrB,0.079710145
652,221,NODE_538_length_17124_cov_49.405286,June_C_thermo,73,June,C,757,gyrB,0.114821324
653,222,NODE_538_length_17124_cov_49.405286,June_A_thermo,82.8,June,A,757,gyrB,0.059084195
654,222,NODE_538_length_17124_cov_49.405286,June_B_thermo,83,June,B,757,gyrB,0.063829787
655,222,NODE_538_length_17124_cov_49.405286,June_C_thermo,73,June,C,757,gyrB,0.107967667
647,220,NODE_538_length_17124_cov_49.405286,June_A_thermo,82.8,June,A,757,gyrB,0.067656766
648,220,NODE_538_length_17124_cov_49.405286,June_B_thermo,83,June,B,757,gyrB,0.069565217
649,220,NODE_538_length_17124_cov_49.405286,June_C_thermo,73,June,C,757,gyrB,0.156053184
645,219,NODE_538_length_17124_cov_49.405286,June_A_thermo,82.8,June,A,757,gyrB,0.070866142
646,219,NODE_538_length_17124_cov_49.405286,June_C_thermo,73,June,C,757,gyrB,0.057539683
760,291,NODE_538_length_17124_cov_49.405286,June_C_thermo,73,June,C,757,gyrB,0.056742323
759,290,NODE_538_length_17124_cov_49.405286,June_C_thermo,73,June,C,757,gyrB,0.059563203
643,218,NODE_538_length_17124_cov_49.405286,June_A_thermo,82.8,June,A,757,gyrB,0.06122449
644,218,NODE_538_length_17124_cov_49.405286,June_C_thermo,73,June,C,757,gyrB,0.065359477
454,126,NODE_538_length_17124_cov_49.405286,Feb_B_thermo,70,February,B,757,gyrB,0.05
455,126,NODE_538_length_17124_cov_49.405286,June_A_thermo,82.8,June,A,757,gyrB,0.079113924
456,126,NODE_538_length_17124_cov_49.405286,June_B_thermo,83,June,B,757,gyrB,0.057142857
457,126,NODE_538_length_17124_cov_49.405286,June_C_thermo,73,June,C,757,gyrB,0.079714841
641,217,NODE_538_length_17124_cov_49.405286,June_A_thermo,82.8,June,A,757,gyrB,0.050314465
642,217,NODE_538_length_17124_cov_49.405286,June_C_thermo,73,June,C,757,gyrB,0.058139535
639,216,NODE_538_length_17124_cov_49.405286,June_A_thermo,82.8,June,A,757,gyrB,0.079937304
640,216,NODE_538_length_17124_cov_49.405286,June_C_thermo,73,June,C,757,gyrB,0.068093385
451,125,NODE_538_length_17124_cov_49.405286,Feb_B_thermo,70,February,B,757,gyrB,0.050251256
452,125,NODE_538_length_17124_cov_49.405286,June_A_thermo,82.8,June,A,757,gyrB,0.063962559
453,125,NODE_538_length_17124_cov_49.405286,June_C_thermo,73,June,C,757,gyrB,0.057567917
636,215,NODE_538_length_17124_cov_49.405286,June_A_thermo,82.8,June,A,757,gyrB,0.088
637,215,NODE_538_length_17124_cov_49.405286,June_B_thermo,83,June,B,757,gyrB,0.066037736
638,215,NODE_538_length_17124_cov_49.405286,June_C_thermo,73,June,C,757,gyrB,0.075585284
445,123,NODE_538_length_17124_cov_49.405286,Feb_B_thermo,70,February,B,757,gyrB,0.058201058
446,123,NODE_538_length_17124_cov_49.405286,June_A_thermo,82.8,June,A,757,gyrB,0.076298701
447,123,NODE_538_length_17124_cov_49.405286,June_C_thermo,73,June,C,757,gyrB,0.058902276
448,124,NODE_538_length_17124_cov_49.405286,Feb_B_thermo,70,February,B,757,gyrB,0.051813472
449,124,NODE_538_length_17124_cov_49.405286,June_A_thermo,82.8,June,A,757,gyrB,0.129392971
450,124,NODE_538_length_17124_cov_49.405286,June_C_thermo,73,June,C,757,gyrB,0.193098872
634,213,NODE_538_length_17124_cov_49.405286,June_A_thermo,82.8,June,A,757,gyrB,0.062992126
635,214,NODE_538_length_17124_cov_49.405286,June_A_thermo,82.8,June,A,757,gyrB,0.054750403
740,271,NODE_538_length_17124_cov_49.405286,June_B_thermo,83,June,B,757,gyrB,0.060869565
437,121,NODE_538_length_17124_cov_49.405286,Feb_B_thermo,70,February,B,757,gyrB,0.052631579
438,121,NODE_538_length_17124_cov_49.405286,June_A_thermo,82.8,June,A,757,gyrB,0.077165354
439,121,NODE_538_length_17124_cov_49.405286,June_B_thermo,83,June,B,757,gyrB,0.12173913
440,121,NODE_538_length_17124_cov_49.405286,June_C_thermo,73,June,C,757,gyrB,0.064102564
441,122,NODE_538_length_17124_cov_49.405286,Feb_B_thermo,70,February,B,757,gyrB,0.056701031
442,122,NODE_538_length_17124_cov_49.405286,June_A_thermo,82.8,June,A,757,gyrB,0.097637795
443,122,NODE_538_length_17124_cov_49.405286,June_B_thermo,83,June,B,757,gyrB,0.104347826
444,122,NODE_538_length_17124_cov_49.405286,June_C_thermo,73,June,C,757,gyrB,0.075111394
433,120,NODE_538_length_17124_cov_49.405286,Feb_B_thermo,70,February,B,757,gyrB,0.052356021
434,120,NODE_538_length_17124_cov_49.405286,June_A_thermo,82.8,June,A,757,gyrB,0.135860979
435,120,NODE_538_length_17124_cov_49.405286,June_B_thermo,83,June,B,757,gyrB,0.104347826
436,120,NODE_538_length_17124_cov_49.405286,June_C_thermo,73,June,C,757,gyrB,0.132692308
429,119,NODE_538_length_17124_cov_49.405286,Feb_B_thermo,70,February,B,757,gyrB,0.057894737
430,119,NODE_538_length_17124_cov_49.405286,June_A_thermo,82.8,June,A,757,gyrB,0.068253968
431,119,NODE_538_length_17124_cov_49.405286,June_B_thermo,83,June,B,757,gyrB,0.087719298
432,119,NODE_538_length_17124_cov_49.405286,June_C_thermo,73,June,C,757,gyrB,0.088803089
633,212,NODE_538_length_17124_cov_49.405286,June_A_thermo,82.8,June,A,757,gyrB,0.052631579
630,211,NODE_538_length_17124_cov_49.405286,June_A_thermo,82.8,June,A,757,gyrB,0.081123245
631,211,NODE_538_length_17124_cov_49.405286,June_B_thermo,83,June,B,757,gyrB,0.086206897
632,211,NODE_538_length_17124_cov_49.405286,June_C_thermo,73,June,C,757,gyrB,0.055520505
739,270,NODE_538_length_17124_cov_49.405286,June_B_thermo,83,June,B,757,gyrB,0.052173913
425,118,NODE_538_length_17124_cov_49.405286,Feb_B_thermo,70,February,B,757,gyrB,0.050505051
426,118,NODE_538_length_17124_cov_49.405286,June_A_thermo,82.8,June,A,757,gyrB,0.098765432
427,118,NODE_538_length_17124_cov_49.405286,June_B_thermo,83,June,B,757,gyrB,0.095652174
428,118,NODE_538_length_17124_cov_49.405286,June_C_thermo,73,June,C,757,gyrB,0.086326402
629,210,NODE_538_length_17124_cov_49.405286,June_A_thermo,82.8,June,A,757,gyrB,0.069444444
417,116,NODE_538_length_17124_cov_49.405286,Feb_B_thermo,70,February,B,757,gyrB,0.063829787
418,116,NODE_538_length_17124_cov_49.405286,June_A_thermo,82.8,June,A,757,gyrB,0.100649351
419,116,NODE_538_length_17124_cov_49.405286,June_B_thermo,83,June,B,757,gyrB,0.060869565
420,116,NODE_538_length_17124_cov_49.405286,June_C_thermo,73,June,C,757,gyrB,0.04957039
421,117,NODE_538_length_17124_cov_49.405286,Feb_B_thermo,70,February,B,757,gyrB,0.053475936
422,117,NODE_538_length_17124_cov_49.405286,June_A_thermo,82.8,June,A,757,gyrB,0.058139535
423,117,NODE_538_length_17124_cov_49.405286,June_B_thermo,83,June,B,757,gyrB,0.064814815
424,117,NODE_538_length_17124_cov_49.405286,June_C_thermo,73,June,C,757,gyrB,0.055070517
626,209,NODE_538_length_17124_cov_49.405286,June_A_thermo,82.8,June,A,757,gyrB,0.069767442
627,209,NODE_538_length_17124_cov_49.405286,June_B_thermo,83,June,B,757,gyrB,0.087719298
628,209,NODE_538_length_17124_cov_49.405286,June_C_thermo,73,June,C,757,gyrB,0.069547603
406,113,NODE_538_length_17124_cov_49.405286,Feb_B_thermo,70,February,B,757,gyrB,0.054644809
407,113,NODE_538_length_17124_cov_49.405286,June_B_thermo,83,June,B,757,gyrB,0.087719298
408,113,NODE_538_length_17124_cov_49.405286,June_C_thermo,73,June,C,757,gyrB,0.054090602
409,114,NODE_538_length_17124_cov_49.405286,Feb_B_thermo,70,February,B,757,gyrB,0.076502732
410,114,NODE_538_length_17124_cov_49.405286,June_A_thermo,82.8,June,A,757,gyrB,0.133333333
411,114,NODE_538_length_17124_cov_49.405286,June_B_thermo,83,June,B,757,gyrB,0.130434783
412,114,NODE_538_length_17124_cov_49.405286,June_C_thermo,73,June,C,757,gyrB,0.120408163
413,115,NODE_538_length_17124_cov_49.405286,Feb_B_thermo,70,February,B,757,gyrB,0.093406593
414,115,NODE_538_length_17124_cov_49.405286,June_A_thermo,82.8,June,A,757,gyrB,0.083892617
415,115,NODE_538_length_17124_cov_49.405286,June_B_thermo,83,June,B,757,gyrB,0.088495575
416,115,NODE_538_length_17124_cov_49.405286,June_C_thermo,73,June,C,757,gyrB,0.086956522
399,111,NODE_538_length_17124_cov_49.405286,Feb_B_thermo,70,February,B,757,gyrB,0.073446328
400,111,NODE_538_length_17124_cov_49.405286,June_A_thermo,82.8,June,A,757,gyrB,0.059625213
401,111,NODE_538_length_17124_cov_49.405286,June_B_thermo,83,June,B,757,gyrB,0.078947368
402,112,NODE_538_length_17124_cov_49.405286,Feb_B_thermo,70,February,B,757,gyrB,0.072222222
403,112,NODE_538_length_17124_cov_49.405286,June_A_thermo,82.8,June,A,757,gyrB,0.105704698
404,112,NODE_538_length_17124_cov_49.405286,June_B_thermo,83,June,B,757,gyrB,0.113043478
405,112,NODE_538_length_17124_cov_49.405286,June_C_thermo,73,June,C,757,gyrB,0.118563686
388,108,NODE_538_length_17124_cov_49.405286,Feb_B_thermo,70,February,B,757,gyrB,0.06626506
389,108,NODE_538_length_17124_cov_49.405286,June_A_thermo,82.8,June,A,757,gyrB,0.062283737
390,108,NODE_538_length_17124_cov_49.405286,June_B_thermo,83,June,B,757,gyrB,0.088495575
391,109,NODE_538_length_17124_cov_49.405286,Feb_B_thermo,70,February,B,757,gyrB,0.067484663
392,109,NODE_538_length_17124_cov_49.405286,June_A_thermo,82.8,June,A,757,gyrB,0.103146853
393,109,NODE_538_length_17124_cov_49.405286,June_B_thermo,83,June,B,757,gyrB,0.116071429
394,109,NODE_538_length_17124_cov_49.405286,June_C_thermo,73,June,C,757,gyrB,0.09256662
395,110,NODE_538_length_17124_cov_49.405286,Feb_B_thermo,70,February,B,757,gyrB,0.062146893
396,110,NODE_538_length_17124_cov_49.405286,June_A_thermo,82.8,June,A,757,gyrB,0.07008547
397,110,NODE_538_length_17124_cov_49.405286,June_B_thermo,83,June,B,757,gyrB,0.122807018
398,110,NODE_538_length_17124_cov_49.405286,June_C_thermo,73,June,C,757,gyrB,0.067994505
382,106,NODE_538_length_17124_cov_49.405286,Feb_B_thermo,70,February,B,757,gyrB,0.055214724
383,106,NODE_538_length_17124_cov_49.405286,June_A_thermo,82.8,June,A,757,gyrB,0.060714286
384,107,NODE_538_length_17124_cov_49.405286,Feb_B_thermo,70,February,B,757,gyrB,0.096385542
385,107,NODE_538_length_17124_cov_49.405286,June_A_thermo,82.8,June,A,757,gyrB,0.120503597
386,107,NODE_538_length_17124_cov_49.405286,June_B_thermo,83,June,B,757,gyrB,0.132743363
387,107,NODE_538_length_17124_cov_49.405286,June_C_thermo,73,June,C,757,gyrB,0.103619588
623,208,NODE_538_length_17124_cov_49.405286,June_A_thermo,82.8,June,A,757,gyrB,0.058201058
624,208,NODE_538_length_17124_cov_49.405286,June_B_thermo,83,June,B,757,gyrB,0.086956522
625,208,NODE_538_length_17124_cov_49.405286,June_C_thermo,73,June,C,757,gyrB,0.055162659
372,103,NODE_538_length_17124_cov_49.405286,Feb_B_thermo,70,February,B,757,gyrB,0.062893082
373,103,NODE_538_length_17124_cov_49.405286,June_A_thermo,82.8,June,A,757,gyrB,0.111111111
374,103,NODE_538_length_17124_cov_49.405286,June_B_thermo,83,June,B,757,gyrB,0.137614679
375,103,NODE_538_length_17124_cov_49.405286,June_C_thermo,73,June,C,757,gyrB,0.098154982
376,104,NODE_538_length_17124_cov_49.405286,Feb_B_thermo,70,February,B,757,gyrB,0.06875
377,104,NODE_538_length_17124_cov_49.405286,June_B_thermo,83,June,B,757,gyrB,0.097345133
378,105,NODE_538_length_17124_cov_49.405286,Feb_B_thermo,70,February,B,757,gyrB,0.120253165
379,105,NODE_538_length_17124_cov_49.405286,June_A_thermo,82.8,June,A,757,gyrB,0.193895871
380,105,NODE_538_length_17124_cov_49.405286,June_B_thermo,83,June,B,757,gyrB,0.212389381
381,105,NODE_538_length_17124_cov_49.405286,June_C_thermo,73,June,C,757,gyrB,0.16101083
364,101,NODE_538_length_17124_cov_49.405286,Feb_B_thermo,70,February,B,757,gyrB,0.105590062
365,101,NODE_538_length_17124_cov_49.405286,June_A_thermo,82.8,June,A,757,gyrB,0.07195572
366,101,NODE_538_length_17124_cov_49.405286,June_B_thermo,83,June,B,757,gyrB,0.116071429
367,101,NODE_538_length_17124_cov_49.405286,June_C_thermo,73,June,C,757,gyrB,0.059602649
368,102,NODE_538_length_17124_cov_49.405286,Feb_B_thermo,70,February,B,757,gyrB,0.113207547
369,102,NODE_538_length_17124_cov_49.405286,June_A_thermo,82.8,June,A,757,gyrB,0.141818182
370,102,NODE_538_length_17124_cov_49.405286,June_B_thermo,83,June,B,757,gyrB,0.148148148
371,102,NODE_538_length_17124_cov_49.405286,June_C_thermo,73,June,C,757,gyrB,0.12196914
738,269,NODE_538_length_17124_cov_49.405286,June_B_thermo,83,June,B,757,gyrB,0.064220183
357,98,NODE_538_length_17124_cov_49.405286,Feb_B_thermo,70,February,B,757,gyrB,0.076433121
358,98,NODE_538_length_17124_cov_49.405286,June_B_thermo,83,June,B,757,gyrB,0.101851852
359,99,NODE_538_length_17124_cov_49.405286,Feb_B_thermo,70,February,B,757,gyrB,0.077922078
360,100,NODE_538_length_17124_cov_49.405286,Feb_B_thermo,70,February,B,757,gyrB,0.114649682
361,100,NODE_538_length_17124_cov_49.405286,June_A_thermo,82.8,June,A,757,gyrB,0.201149425
362,100,NODE_538_length_17124_cov_49.405286,June_B_thermo,83,June,B,757,gyrB,0.194444444
363,100,NODE_538_length_17124_cov_49.405286,June_C_thermo,73,June,C,757,gyrB,0.162546816
349,96,NODE_538_length_17124_cov_49.405286,Feb_B_thermo,70,February,B,757,gyrB,0.179487179
350,96,NODE_538_length_17124_cov_49.405286,June_A_thermo,82.8,June,A,757,gyrB,0.175097276
351,96,NODE_538_length_17124_cov_49.405286,June_B_thermo,83,June,B,757,gyrB,0.235849057
352,96,NODE_538_length_17124_cov_49.405286,June_C_thermo,73,June,C,757,gyrB,0.145440844
353,97,NODE_538_length_17124_cov_49.405286,Feb_B_thermo,70,February,B,757,gyrB,0.113924051
354,97,NODE_538_length_17124_cov_49.405286,June_A_thermo,82.8,June,A,757,gyrB,0.063583815
355,97,NODE_538_length_17124_cov_49.405286,June_B_thermo,83,June,B,757,gyrB,0.102803738
356,97,NODE_538_length_17124_cov_49.405286,June_C_thermo,73,June,C,757,gyrB,0.070306657
337,93,NODE_538_length_17124_cov_49.405286,Feb_B_thermo,70,February,B,757,gyrB,0.203821656
338,93,NODE_538_length_17124_cov_49.405286,June_A_thermo,82.8,June,A,757,gyrB,0.260377358
339,93,NODE_538_length_17124_cov_49.405286,June_B_thermo,83,June,B,757,gyrB,0.289473684
340,93,NODE_538_length_17124_cov_49.405286,June_C_thermo,73,June,C,757,gyrB,0.255899705
341,94,NODE_538_length_17124_cov_49.405286,Feb_B_thermo,70,February,B,757,gyrB,0.128205128
342,94,NODE_538_length_17124_cov_49.405286,June_A_thermo,82.8,June,A,757,gyrB,0.124760077
343,94,NODE_538_length_17124_cov_49.405286,June_B_thermo,83,June,B,757,gyrB,0.183486239
344,94,NODE_538_length_17124_cov_49.405286,June_C_thermo,73,June,C,757,gyrB,0.123215627
345,95,NODE_538_length_17124_cov_49.405286,Feb_B_thermo,70,February,B,757,gyrB,0.070967742
346,95,NODE_538_length_17124_cov_49.405286,June_A_thermo,82.8,June,A,757,gyrB,0.05697446
347,95,NODE_538_length_17124_cov_49.405286,June_B_thermo,83,June,B,757,gyrB,0.085714286
348,95,NODE_538_length_17124_cov_49.405286,June_C_thermo,73,June,C,757,gyrB,0.06559878
333,92,NODE_538_length_17124_cov_49.405286,Feb_B_thermo,70,February,B,757,gyrB,0.161290323
334,92,NODE_538_length_17124_cov_49.405286,June_A_thermo,82.8,June,A,757,gyrB,0.187969925
335,92,NODE_538_length_17124_cov_49.405286,June_B_thermo,83,June,B,757,gyrB,0.281818182
336,92,NODE_538_length_17124_cov_49.405286,June_C_thermo,73,June,C,757,gyrB,0.180874722
737,268,NODE_538_length_17124_cov_49.405286,June_B_thermo,83,June,B,757,gyrB,0.052631579
326,90,NODE_538_length_17124_cov_49.405286,Feb_B_thermo,70,February,B,757,gyrB,0.050955414
327,90,NODE_538_length_17124_cov_49.405286,June_A_thermo,82.8,June,A,757,gyrB,0.069158879
328,90,NODE_538_length_17124_cov_49.405286,June_C_thermo,73,June,C,757,gyrB,0.1522694
329,91,NODE_538_length_17124_cov_49.405286,Feb_B_thermo,70,February,B,757,gyrB,0.246753247
330,91,NODE_538_length_17124_cov_49.405286,June_A_thermo,82.8,June,A,757,gyrB,0.37593985
331,91,NODE_538_length_17124_cov_49.405286,June_B_thermo,83,June,B,757,gyrB,0.372727273
332,91,NODE_538_length_17124_cov_49.405286,June_C_thermo,73,June,C,757,gyrB,0.299481097
621,207,NODE_538_length_17124_cov_49.405286,June_A_thermo,82.8,June,A,757,gyrB,0.067542214
622,207,NODE_538_length_17124_cov_49.405286,June_C_thermo,73,June,C,757,gyrB,0.156296296
322,89,NODE_538_length_17124_cov_49.405286,Feb_B_thermo,70,February,B,757,gyrB,0.055555556
323,89,NODE_538_length_17124_cov_49.405286,June_A_thermo,82.8,June,A,757,gyrB,0.069518717
324,89,NODE_538_length_17124_cov_49.405286,June_B_thermo,83,June,B,757,gyrB,0.066666667
325,89,NODE_538_length_17124_cov_49.405286,June_C_thermo,73,June,C,757,gyrB,0.173117523
318,88,NODE_538_length_17124_cov_49.405286,Feb_B_thermo,70,February,B,757,gyrB,0.05625
319,88,NODE_538_length_17124_cov_49.405286,June_A_thermo,82.8,June,A,757,gyrB,0.086572438
320,88,NODE_538_length_17124_cov_49.405286,June_B_thermo,83,June,B,757,gyrB,0.062015504
321,88,NODE_538_length_17124_cov_49.405286,June_C_thermo,73,June,C,757,gyrB,0.157162726
620,206,NODE_538_length_17124_cov_49.405286,June_A_thermo,82.8,June,A,757,gyrB,0.055459272
314,87,NODE_538_length_17124_cov_49.405286,Feb_B_thermo,70,February,B,757,gyrB,0.052910053
315,87,NODE_538_length_17124_cov_49.405286,June_A_thermo,82.8,June,A,757,gyrB,0.066878981
316,87,NODE_538_length_17124_cov_49.405286,June_B_thermo,83,June,B,757,gyrB,0.062937063
317,87,NODE_538_length_17124_cov_49.405286,June_C_thermo,73,June,C,757,gyrB,0.146700833
96,21,NODE_538_length_17124_cov_49.405286,Feb_A_thermo,85,February,A,757,gyrB,0.333333333
97,21,NODE_538_length_17124_cov_49.405286,Feb_B_thermo,70,February,B,757,gyrB,0.151785714
98,21,NODE_538_length_17124_cov_49.405286,June_A_thermo,82.8,June,A,757,gyrB,0.06970128
99,21,NODE_538_length_17124_cov_49.405286,June_B_thermo,83,June,B,757,gyrB,0.265536723
100,21,NODE_538_length_17124_cov_49.405286,June_C_thermo,73,June,C,757,gyrB,0.056442417
618,205,NODE_538_length_17124_cov_49.405286,June_A_thermo,82.8,June,A,757,gyrB,0.115281501
619,205,NODE_538_length_17124_cov_49.405286,June_C_thermo,73,June,C,757,gyrB,0.277807064
310,86,NODE_538_length_17124_cov_49.405286,Feb_B_thermo,70,February,B,757,gyrB,0.173160173
311,86,NODE_538_length_17124_cov_49.405286,June_A_thermo,82.8,June,A,757,gyrB,0.138166895
312,86,NODE_538_length_17124_cov_49.405286,June_B_thermo,83,June,B,757,gyrB,0.286486486
313,86,NODE_538_length_17124_cov_49.405286,June_C_thermo,73,June,C,757,gyrB,0.143637357
615,204,NODE_538_length_17124_cov_49.405286,June_A_thermo,82.8,June,A,757,gyrB,0.093333333
616,204,NODE_538_length_17124_cov_49.405286,June_B_thermo,83,June,B,757,gyrB,0.10952381
617,204,NODE_538_length_17124_cov_49.405286,June_C_thermo,73,June,C,757,gyrB,0.067484663
736,267,NODE_538_length_17124_cov_49.405286,June_B_thermo,83,June,B,757,gyrB,0.063106796
306,85,NODE_538_length_17124_cov_49.405286,Feb_B_thermo,70,February,B,757,gyrB,0.478087649
307,85,NODE_538_length_17124_cov_49.405286,June_A_thermo,82.8,June,A,757,gyrB,0.750333778
308,85,NODE_538_length_17124_cov_49.405286,June_B_thermo,83,June,B,757,gyrB,0.447761194
309,85,NODE_538_length_17124_cov_49.405286,June_C_thermo,73,June,C,757,gyrB,0.957061562
91,20,NODE_538_length_17124_cov_49.405286,Feb_A_thermo,85,February,A,757,gyrB,0.454545455
92,20,NODE_538_length_17124_cov_49.405286,Feb_B_thermo,70,February,B,757,gyrB,0.465648855
93,20,NODE_538_length_17124_cov_49.405286,June_A_thermo,82.8,June,A,757,gyrB,0.752673797
94,20,NODE_538_length_17124_cov_49.405286,June_B_thermo,83,June,B,757,gyrB,0.456410256
95,20,NODE_538_length_17124_cov_49.405286,June_C_thermo,73,June,C,757,gyrB,0.958125623
86,19,NODE_538_length_17124_cov_49.405286,Feb_A_thermo,85,February,A,757,gyrB,0.333333333
87,19,NODE_538_length_17124_cov_49.405286,Feb_B_thermo,70,February,B,757,gyrB,0.445993031
88,19,NODE_538_length_17124_cov_49.405286,June_A_thermo,82.8,June,A,757,gyrB,0.716358839
89,19,NODE_538_length_17124_cov_49.405286,June_B_thermo,83,June,B,757,gyrB,0.438202247
90,19,NODE_538_length_17124_cov_49.405286,June_C_thermo,73,June,C,757,gyrB,0.948218527
735,266,NODE_538_length_17124_cov_49.405286,June_B_thermo,83,June,B,757,gyrB,0.05027933
81,18,NODE_538_length_17124_cov_49.405286,Feb_A_thermo,85,February,A,757,gyrB,0.333333333
82,18,NODE_538_length_17124_cov_49.405286,Feb_B_thermo,70,February,B,757,gyrB,0.462633452
83,18,NODE_538_length_17124_cov_49.405286,June_A_thermo,82.8,June,A,757,gyrB,0.73180593
84,18,NODE_538_length_17124_cov_49.405286,June_B_thermo,83,June,B,757,gyrB,0.432748538
85,18,NODE_538_length_17124_cov_49.405286,June_C_thermo,73,June,C,757,gyrB,0.964268469
76,17,NODE_538_length_17124_cov_49.405286,Feb_A_thermo,85,February,A,757,gyrB,0.222222222
77,17,NODE_538_length_17124_cov_49.405286,Feb_B_thermo,70,February,B,757,gyrB,0.293918919
78,17,NODE_538_length_17124_cov_49.405286,June_A_thermo,82.8,June,A,757,gyrB,0.119016818
79,17,NODE_538_length_17124_cov_49.405286,June_B_thermo,83,June,B,757,gyrB,0.327272727
80,17,NODE_538_length_17124_cov_49.405286,June_C_thermo,73,June,C,757,gyrB,0.080645161
71,16,NODE_538_length_17124_cov_49.405286,Feb_A_thermo,85,February,A,757,gyrB,0.409090909
72,16,NODE_538_length_17124_cov_49.405286,Feb_B_thermo,70,February,B,757,gyrB,0.420074349
73,16,NODE_538_length_17124_cov_49.405286,June_A_thermo,82.8,June,A,757,gyrB,0.682458387
74,16,NODE_538_length_17124_cov_49.405286,June_B_thermo,83,June,B,757,gyrB,0.52866242
75,16,NODE_538_length_17124_cov_49.405286,June_C_thermo,73,June,C,757,gyrB,0.926689027
61,14,NODE_538_length_17124_cov_49.405286,Feb_A_thermo,85,February,A,757,gyrB,0.409090909
62,14,NODE_538_length_17124_cov_49.405286,Feb_B_thermo,70,February,B,757,gyrB,0.415730337
63,14,NODE_538_length_17124_cov_49.405286,June_A_thermo,82.8,June,A,757,gyrB,0.692701665
64,14,NODE_538_length_17124_cov_49.405286,June_B_thermo,83,June,B,757,gyrB,0.537037037
65,14,NODE_538_length_17124_cov_49.405286,June_C_thermo,73,June,C,757,gyrB,0.9386264
66,15,NODE_538_length_17124_cov_49.405286,Feb_A_thermo,85,February,A,757,gyrB,0.409090909
67,15,NODE_538_length_17124_cov_49.405286,Feb_B_thermo,70,February,B,757,gyrB,0.406716418
68,15,NODE_538_length_17124_cov_49.405286,June_A_thermo,82.8,June,A,757,gyrB,0.692903226
69,15,NODE_538_length_17124_cov_49.405286,June_B_thermo,83,June,B,757,gyrB,0.527950311
70,15,NODE_538_length_17124_cov_49.405286,June_C_thermo,73,June,C,757,gyrB,0.933628319
56,13,NODE_538_length_17124_cov_49.405286,Feb_A_thermo,85,February,A,757,gyrB,0.409090909
57,13,NODE_538_length_17124_cov_49.405286,Feb_B_thermo,70,February,B,757,gyrB,0.405204461
58,13,NODE_538_length_17124_cov_49.405286,June_A_thermo,82.8,June,A,757,gyrB,0.689223058
59,13,NODE_538_length_17124_cov_49.405286,June_B_thermo,83,June,B,757,gyrB,0.523529412
60,13,NODE_538_length_17124_cov_49.405286,June_C_thermo,73,June,C,757,gyrB,0.939364774
51,12,NODE_538_length_17124_cov_49.405286,Feb_A_thermo,85,February,A,757,gyrB,0.285714286
52,12,NODE_538_length_17124_cov_49.405286,Feb_B_thermo,70,February,B,757,gyrB,0.456081081
53,12,NODE_538_length_17124_cov_49.405286,June_A_thermo,82.8,June,A,757,gyrB,0.697004608
54,12,NODE_538_length_17124_cov_49.405286,June_B_thermo,83,June,B,757,gyrB,0.572164948
55,12,NODE_538_length_17124_cov_49.405286,June_C_thermo,73,June,C,757,gyrB,0.907365567
302,84,NODE_538_length_17124_cov_49.405286,Feb_B_thermo,70,February,B,757,gyrB,0.455197133
303,84,NODE_538_length_17124_cov_49.405286,June_A_thermo,82.8,June,A,757,gyrB,0.70314319
304,84,NODE_538_length_17124_cov_49.405286,June_B_thermo,83,June,B,757,gyrB,0.536945813
305,84,NODE_538_length_17124_cov_49.405286,June_C_thermo,73,June,C,757,gyrB,0.890047393
298,83,NODE_538_length_17124_cov_49.405286,Feb_B_thermo,70,February,B,757,gyrB,0.448398577
299,83,NODE_538_length_17124_cov_49.405286,June_A_thermo,82.8,June,A,757,gyrB,0.707852194
300,83,NODE_538_length_17124_cov_49.405286,June_B_thermo,83,June,B,757,gyrB,0.544117647
301,83,NODE_538_length_17124_cov_49.405286,June_C_thermo,73,June,C,757,gyrB,0.886331611
294,82,NODE_538_length_17124_cov_49.405286,Feb_B_thermo,70,February,B,757,gyrB,0.464539007
295,82,NODE_538_length_17124_cov_49.405286,June_A_thermo,82.8,June,A,757,gyrB,0.723329426
296,82,NODE_538_length_17124_cov_49.405286,June_B_thermo,83,June,B,757,gyrB,0.535353535
297,82,NODE_538_length_17124_cov_49.405286,June_C_thermo,73,June,C,757,gyrB,0.88836552
613,203,NODE_538_length_17124_cov_49.405286,June_A_thermo,82.8,June,A,757,gyrB,0.310690423
614,203,NODE_538_length_17124_cov_49.405286,June_C_thermo,73,June,C,757,gyrB,0.407682235
290,81,NODE_538_length_17124_cov_49.405286,Feb_B_thermo,70,February,B,757,gyrB,0.181132075
291,81,NODE_538_length_17124_cov_49.405286,June_A_thermo,82.8,June,A,757,gyrB,0.651254954
292,81,NODE_538_length_17124_cov_49.405286,June_B_thermo,83,June,B,757,gyrB,0.180412371
293,81,NODE_538_length_17124_cov_49.405286,June_C_thermo,73,June,C,757,gyrB,0.883809524
286,80,NODE_538_length_17124_cov_49.405286,Feb_B_thermo,70,February,B,757,gyrB,0.102564103
287,80,NODE_538_length_17124_cov_49.405286,June_A_thermo,82.8,June,A,757,gyrB,0.563398693
288,80,NODE_538_length_17124_cov_49.405286,June_B_thermo,83,June,B,757,gyrB,0.094339623
289,80,NODE_538_length_17124_cov_49.405286,June_C_thermo,73,June,C,757,gyrB,0.880929791
734,265,NODE_538_length_17124_cov_49.405286,June_B_thermo,83,June,B,757,gyrB,0.051886792
282,79,NODE_538_length_17124_cov_49.405286,Feb_B_thermo,70,February,B,757,gyrB,0.173387097
283,79,NODE_538_length_17124_cov_49.405286,June_A_thermo,82.8,June,A,757,gyrB,0.647807638
284,79,NODE_538_length_17124_cov_49.405286,June_B_thermo,83,June,B,757,gyrB,0.175257732
285,79,NODE_538_length_17124_cov_49.405286,June_C_thermo,73,June,C,757,gyrB,0.892607393
278,78,NODE_538_length_17124_cov_49.405286,Feb_B_thermo,70,February,B,757,gyrB,0.151020408
279,78,NODE_538_length_17124_cov_49.405286,June_A_thermo,82.8,June,A,757,gyrB,0.633802817
280,78,NODE_538_length_17124_cov_49.405286,June_B_thermo,83,June,B,757,gyrB,0.196969697
281,78,NODE_538_length_17124_cov_49.405286,June_C_thermo,73,June,C,757,gyrB,0.888723299
274,77,NODE_538_length_17124_cov_49.405286,Feb_B_thermo,70,February,B,757,gyrB,0.108786611
275,77,NODE_538_length_17124_cov_49.405286,June_A_thermo,82.8,June,A,757,gyrB,0.625
276,77,NODE_538_length_17124_cov_49.405286,June_B_thermo,83,June,B,757,gyrB,0.157068063
277,77,NODE_538_length_17124_cov_49.405286,June_C_thermo,73,June,C,757,gyrB,0.897260274
270,76,NODE_538_length_17124_cov_49.405286,Feb_B_thermo,70,February,B,757,gyrB,0.102272727
271,76,NODE_538_length_17124_cov_49.405286,June_A_thermo,82.8,June,A,757,gyrB,0.485507246
272,76,NODE_538_length_17124_cov_49.405286,June_B_thermo,83,June,B,757,gyrB,0.171428571
273,76,NODE_538_length_17124_cov_49.405286,June_C_thermo,73,June,C,757,gyrB,0.641309824
758,289,NODE_538_length_17124_cov_49.405286,June_C_thermo,73,June,C,757,gyrB,0.105344296
611,202,NODE_538_length_17124_cov_49.405286,June_A_thermo,82.8,June,A,757,gyrB,0.488538682
612,202,NODE_538_length_17124_cov_49.405286,June_C_thermo,73,June,C,757,gyrB,0.895781638
609,201,NODE_538_length_17124_cov_49.405286,June_A_thermo,82.8,June,A,757,gyrB,0.189701897
610,201,NODE_538_length_17124_cov_49.405286,June_C_thermo,73,June,C,757,gyrB,0.267820774
607,200,NODE_538_length_17124_cov_49.405286,June_A_thermo,82.8,June,A,757,gyrB,0.286919831
608,200,NODE_538_length_17124_cov_49.405286,June_C_thermo,73,June,C,757,gyrB,0.613718412
605,199,NODE_538_length_17124_cov_49.405286,June_A_thermo,82.8,June,A,757,gyrB,0.203147353
606,199,NODE_538_length_17124_cov_49.405286,June_C_thermo,73,June,C,757,gyrB,0.269038355
603,198,NODE_538_length_17124_cov_49.405286,June_A_thermo,82.8,June,A,757,gyrB,0.210235131
604,198,NODE_538_length_17124_cov_49.405286,June_C_thermo,73,June,C,757,gyrB,0.268648649
601,197,NODE_538_length_17124_cov_49.405286,June_A_thermo,82.8,June,A,757,gyrB,0.211948791
602,197,NODE_538_length_17124_cov_49.405286,June_C_thermo,73,June,C,757,gyrB,0.272676683
266,75,NODE_538_length_17124_cov_49.405286,Feb_B_thermo,70,February,B,757,gyrB,0.093247588
267,75,NODE_538_length_17124_cov_49.405286,June_A_thermo,82.8,June,A,757,gyrB,0.198224852
268,75,NODE_538_length_17124_cov_49.405286,June_B_thermo,83,June,B,757,gyrB,0.166666667
269,75,NODE_538_length_17124_cov_49.405286,June_C_thermo,73,June,C,757,gyrB,0.277746479
262,74,NODE_538_length_17124_cov_49.405286,Feb_B_thermo,70,February,B,757,gyrB,0.266891892
263,74,NODE_538_length_17124_cov_49.405286,June_A_thermo,82.8,June,A,757,gyrB,0.3
264,74,NODE_538_length_17124_cov_49.405286,June_B_thermo,83,June,B,757,gyrB,0.31884058
265,74,NODE_538_length_17124_cov_49.405286,June_C_thermo,73,June,C,757,gyrB,0.322222222
757,288,NODE_538_length_17124_cov_49.405286,June_C_thermo,73,June,C,757,gyrB,0.085679315
599,196,NODE_538_length_17124_cov_49.405286,June_A_thermo,82.8,June,A,757,gyrB,0.104347826
600,196,NODE_538_length_17124_cov_49.405286,June_C_thermo,73,June,C,757,gyrB,0.224437299
733,264,NODE_538_length_17124_cov_49.405286,June_B_thermo,83,June,B,757,gyrB,0.059602649
597,195,NODE_538_length_17124_cov_49.405286,June_A_thermo,82.8,June,A,757,gyrB,0.42700157
598,195,NODE_538_length_17124_cov_49.405286,June_C_thermo,73,June,C,757,gyrB,0.850443599
756,287,NODE_538_length_17124_cov_49.405286,June_C_thermo,73,June,C,757,gyrB,0.093342037
755,286,NODE_538_length_17124_cov_49.405286,June_C_thermo,73,June,C,757,gyrB,0.203967762
595,194,NODE_538_length_17124_cov_49.405286,June_A_thermo,82.8,June,A,757,gyrB,0.131443299
596,194,NODE_538_length_17124_cov_49.405286,June_C_thermo,73,June,C,757,gyrB,0.214920949
258,73,NODE_538_length_17124_cov_49.405286,Feb_B_thermo,70,February,B,757,gyrB,0.224561404
259,73,NODE_538_length_17124_cov_49.405286,June_A_thermo,82.8,June,A,757,gyrB,0.206477733
260,73,NODE_538_length_17124_cov_49.405286,June_B_thermo,83,June,B,757,gyrB,0.310526316
261,73,NODE_538_length_17124_cov_49.405286,June_C_thermo,73,June,C,757,gyrB,0.071938776
593,193,NODE_538_length_17124_cov_49.405286,June_A_thermo,82.8,June,A,757,gyrB,0.469014085
594,193,NODE_538_length_17124_cov_49.405286,June_C_thermo,73,June,C,757,gyrB,0.83194589
591,192,NODE_538_length_17124_cov_49.405286,June_A_thermo,82.8,June,A,757,gyrB,0.239583333
592,192,NODE_538_length_17124_cov_49.405286,June_C_thermo,73,June,C,757,gyrB,0.577034045
754,285,NODE_538_length_17124_cov_49.405286,June_C_thermo,73,June,C,757,gyrB,0.083769634
589,191,NODE_538_length_17124_cov_49.405286,June_A_thermo,82.8,June,A,757,gyrB,0.385915493
590,191,NODE_538_length_17124_cov_49.405286,June_C_thermo,73,June,C,757,gyrB,0.752386635
254,72,NODE_538_length_17124_cov_49.405286,Feb_B_thermo,70,February,B,757,gyrB,0.182648402
255,72,NODE_538_length_17124_cov_49.405286,June_A_thermo,82.8,June,A,757,gyrB,0.52097429
256,72,NODE_538_length_17124_cov_49.405286,June_B_thermo,83,June,B,757,gyrB,0.166666667
257,72,NODE_538_length_17124_cov_49.405286,June_C_thermo,73,June,C,757,gyrB,0.856028794
250,71,NODE_538_length_17124_cov_49.405286,Feb_B_thermo,70,February,B,757,gyrB,0.141509434
251,71,NODE_538_length_17124_cov_49.405286,June_A_thermo,82.8,June,A,757,gyrB,0.509193777
252,71,NODE_538_length_17124_cov_49.405286,June_B_thermo,83,June,B,757,gyrB,0.158227848
253,71,NODE_538_length_17124_cov_49.405286,June_C_thermo,73,June,C,757,gyrB,0.834893048
211,57,NODE_523_length_17330_cov_53.094829,Feb_B_thermo,70,February,B,2780,recA,0.201612903
212,57,NODE_523_length_17330_cov_53.094829,June_A_thermo,82.8,June,A,2780,recA,0.449856734
213,57,NODE_523_length_17330_cov_53.094829,June_B_thermo,83,June,B,2780,recA,0.216216216
214,57,NODE_523_length_17330_cov_53.094829,June_C_thermo,73,June,C,2780,recA,0.817026684
215,58,NODE_523_length_17330_cov_53.094829,Feb_B_thermo,70,February,B,2780,recA,0.186440678
216,58,NODE_523_length_17330_cov_53.094829,June_A_thermo,82.8,June,A,2780,recA,0.472727273
217,58,NODE_523_length_17330_cov_53.094829,June_B_thermo,83,June,B,2780,recA,0.234375
218,58,NODE_523_length_17330_cov_53.094829,June_C_thermo,73,June,C,2780,recA,0.830578512
728,259,NODE_523_length_17330_cov_53.094829,June_B_thermo,83,June,B,2780,recA,0.063492063
219,59,NODE_523_length_17330_cov_53.094829,Feb_B_thermo,70,February,B,2780,recA,0.071111111
220,59,NODE_523_length_17330_cov_53.094829,June_B_thermo,83,June,B,2780,recA,0.080645161
221,60,NODE_523_length_17330_cov_53.094829,Feb_B_thermo,70,February,B,2780,recA,0.061032864
729,260,NODE_523_length_17330_cov_53.094829,June_B_thermo,83,June,B,2780,recA,0.074766355
764,295,NODE_523_length_17330_cov_53.094829,June_C_thermo,73,June,C,2780,recA,0.05720339
222,61,NODE_523_length_17330_cov_53.094829,Feb_B_thermo,70,February,B,2780,recA,0.058295964
730,261,NODE_523_length_17330_cov_53.094829,June_B_thermo,83,June,B,2780,recA,0.082644628
223,62,NODE_523_length_17330_cov_53.094829,Feb_B_thermo,70,February,B,2780,recA,0.051948052
224,63,NODE_523_length_17330_cov_53.094829,Feb_B_thermo,70,February,B,2780,recA,0.086956522
225,64,NODE_523_length_17330_cov_53.094829,Feb_B_thermo,70,February,B,2780,recA,0.071729958
226,64,NODE_523_length_17330_cov_53.094829,June_B_thermo,83,June,B,2780,recA,0.093220339
731,262,NODE_523_length_17330_cov_53.094829,June_B_thermo,83,June,B,2780,recA,0.059602649
227,65,NODE_523_length_17330_cov_53.094829,Feb_B_thermo,70,February,B,2780,recA,0.064777328
228,65,NODE_523_length_17330_cov_53.094829,June_A_thermo,82.8,June,A,2780,recA,0.312414734
229,65,NODE_523_length_17330_cov_53.094829,June_C_thermo,73,June,C,2780,recA,0.536082474
685,233,NODE_523_length_17330_cov_53.094829,June_A_thermo,82.8,June,A,2780,recA,0.34029484
686,233,NODE_523_length_17330_cov_53.094829,June_C_thermo,73,June,C,2780,recA,0.683711123
687,234,NODE_523_length_17330_cov_53.094829,June_A_thermo,82.8,June,A,2780,recA,0.411622276
688,234,NODE_523_length_17330_cov_53.094829,June_C_thermo,73,June,C,2780,recA,0.750992063
689,235,NODE_523_length_17330_cov_53.094829,June_A_thermo,82.8,June,A,2780,recA,0.411619283
690,235,NODE_523_length_17330_cov_53.094829,June_C_thermo,73,June,C,2780,recA,0.664964249
691,236,NODE_523_length_17330_cov_53.094829,June_A_thermo,82.8,June,A,2780,recA,0.336165049
692,236,NODE_523_length_17330_cov_53.094829,June_C_thermo,73,June,C,2780,recA,0.653980971
693,237,NODE_523_length_17330_cov_53.094829,June_A_thermo,82.8,June,A,2780,recA,0.335120643
694,237,NODE_523_length_17330_cov_53.094829,June_C_thermo,73,June,C,2780,recA,0.703506908
732,263,NODE_523_length_17330_cov_53.094829,June_B_thermo,83,June,B,2780,recA,0.063218391
695,238,NODE_523_length_17330_cov_53.094829,June_A_thermo,82.8,June,A,2780,recA,0.121982211
696,238,NODE_523_length_17330_cov_53.094829,June_C_thermo,73,June,C,2780,recA,0.272954092
697,239,NODE_523_length_17330_cov_53.094829,June_A_thermo,82.8,June,A,2780,recA,0.393617021
698,239,NODE_523_length_17330_cov_53.094829,June_C_thermo,73,June,C,2780,recA,0.777659006
699,240,NODE_523_length_17330_cov_53.094829,June_A_thermo,82.8,June,A,2780,recA,0.376100629
700,240,NODE_523_length_17330_cov_53.094829,June_C_thermo,73,June,C,2780,recA,0.765741729
765,296,NODE_523_length_17330_cov_53.094829,June_C_thermo,73,June,C,2780,recA,0.076804124
701,241,NODE_523_length_17330_cov_53.094829,June_A_thermo,82.8,June,A,2780,recA,0.402730375
702,241,NODE_523_length_17330_cov_53.094829,June_C_thermo,73,June,C,2780,recA,0.762948207
703,242,NODE_523_length_17330_cov_53.094829,June_A_thermo,82.8,June,A,2780,recA,0.401315789
704,242,NODE_523_length_17330_cov_53.094829,June_C_thermo,73,June,C,2780,recA,0.766149224
230,66,NODE_523_length_17330_cov_53.094829,Feb_B_thermo,70,February,B,2780,recA,0.1
231,66,NODE_523_length_17330_cov_53.094829,June_A_thermo,82.8,June,A,2780,recA,0.348913043
232,66,NODE_523_length_17330_cov_53.094829,June_B_thermo,83,June,B,2780,recA,0.087912088
233,66,NODE_523_length_17330_cov_53.094829,June_C_thermo,73,June,C,2780,recA,0.660686016
234,67,NODE_523_length_17330_cov_53.094829,Feb_B_thermo,70,February,B,2780,recA,0.111570248
235,67,NODE_523_length_17330_cov_53.094829,June_A_thermo,82.8,June,A,2780,recA,0.353616533
236,67,NODE_523_length_17330_cov_53.094829,June_B_thermo,83,June,B,2780,recA,0.103030303
237,67,NODE_523_length_17330_cov_53.094829,June_C_thermo,73,June,C,2780,recA,0.649889381
238,68,NODE_523_length_17330_cov_53.094829,Feb_B_thermo,70,February,B,2780,recA,0.112903226
239,68,NODE_523_length_17330_cov_53.094829,June_A_thermo,82.8,June,A,2780,recA,0.35016835
240,68,NODE_523_length_17330_cov_53.094829,June_B_thermo,83,June,B,2780,recA,0.089285714
241,68,NODE_523_length_17330_cov_53.094829,June_C_thermo,73,June,C,2780,recA,0.646836128
705,243,NODE_523_length_17330_cov_53.094829,June_A_thermo,82.8,June,A,2780,recA,0.093348891
706,243,NODE_523_length_17330_cov_53.094829,June_C_thermo,73,June,C,2780,recA,0.210498409
707,244,NODE_523_length_17330_cov_53.094829,June_A_thermo,82.8,June,A,2780,recA,0.09144197
708,244,NODE_523_length_17330_cov_53.094829,June_C_thermo,73,June,C,2780,recA,0.12337999
242,69,NODE_523_length_17330_cov_53.094829,Feb_B_thermo,70,February,B,2780,recA,0.102564103
243,69,NODE_523_length_17330_cov_53.094829,June_A_thermo,82.8,June,A,2780,recA,0.420168067
244,69,NODE_523_length_17330_cov_53.094829,June_B_thermo,83,June,B,2780,recA,0.122699387
245,69,NODE_523_length_17330_cov_53.094829,June_C_thermo,73,June,C,2780,recA,0.861638955
246,70,NODE_523_length_17330_cov_53.094829,Feb_B_thermo,70,February,B,2780,recA,0.093117409
247,70,NODE_523_length_17330_cov_53.094829,June_A_thermo,82.8,June,A,2780,recA,0.391581633
248,70,NODE_523_length_17330_cov_53.094829,June_B_thermo,83,June,B,2780,recA,0.097701149
249,70,NODE_523_length_17330_cov_53.094829,June_C_thermo,73,June,C,2780,recA,0.801724138
709,245,NODE_523_length_17330_cov_53.094829,June_A_thermo,82.8,June,A,2780,recA,0.375521558
710,245,NODE_523_length_17330_cov_53.094829,June_C_thermo,73,June,C,2780,recA,0.737034777
711,246,NODE_523_length_17330_cov_53.094829,June_A_thermo,82.8,June,A,2780,recA,0.135211268
712,246,NODE_523_length_17330_cov_53.094829,June_C_thermo,73,June,C,2780,recA,0.303526448
766,297,NODE_523_length_17330_cov_53.094829,June_C_thermo,73,June,C,2780,recA,0.058786346
713,247,NODE_523_length_17330_cov_53.094829,June_A_thermo,82.8,June,A,2780,recA,0.198125837
714,247,NODE_523_length_17330_cov_53.094829,June_C_thermo,73,June,C,2780,recA,0.280986763
715,248,NODE_523_length_17330_cov_53.094829,June_A_thermo,82.8,June,A,2780,recA,0.179865772
716,248,NODE_523_length_17330_cov_53.094829,June_C_thermo,73,June,C,2780,recA,0.273690406
717,249,NODE_523_length_17330_cov_53.094829,June_A_thermo,82.8,June,A,2780,recA,0.304347826
718,249,NODE_523_length_17330_cov_53.094829,June_C_thermo,73,June,C,2780,recA,0.541271989